score,text
6,"원작을 뛰어넘는 작품은 없다지만 굳이 끼워넣은 인위적인 설정과 무미건조한 주인공의 표정, 고증없이 나열된 영화 속 동양의 세계에 실망스러웠습니다.  심지어 영화를 관통하는 큰 가치가 악역 보리 칸에게도 존재해 이 사..."
4,킬링타임용 영상미는 좋으나 스토리등 유치하고 별로 원작보다노잼임
1,이걸 한번 볼바엔 반도를 10번 보겠습니다
1,일단... 디지스타일의 애니메이션은 노래와 시대적 센스를 반영해서 재구성한 작품으로 호불호가 갈림에도 역시 디즈니!! 답다라는 평을 주는데... 이건.. 그냥 진지한 중국 무협영화를 영어로 보는 느낌? 스토리야 디즈...
6,별 로 재 미 없 습 니 다 ; ; ;
1,"유역비가 홍콩 진압하는 경창들 응원하는 포스트햇던데 그 사람이 나오는영화 보는놈들은 중국지지하냐? 그리고, 디즈니는 스타워즈에 되도않는 PC를 쳐넣드만 중국에 휘말려서 뭔 홍콩, 대만 무시하는 배우를 넣지 않나, 인..."
1,10점 뭐냐? 댓글 알바임? 디즈니한테 실망함. (출연진은 제대로 뽑자.)
3,"애니메이션 ‘뮬란’ 실사화라고 하기에는 연출, 등장인물, 전개 모두 아쉬움.특히 마지막 검에 각인된 글자가 ‘효’...라는게..도대체 이 영화가 무엇을 보여주고 싶었는지 도저히 모르겠음.디즈니의 강점이자 특징인 등장..."
2,기대는 안했지만 더 기대이하였어요 7세이상 관람으로 해도 될 것같아요
1,음..디즈니..정말 실망입니다.
2,음.... 알라딘은 예술성이 돋보였지만 뮬란은 ost도 없도 그냥 애니 줄거리만을 따라가기만 한 느낌 이에요... 감동도 예술성도 돋보이지 않고 밋밋해 실망스럽습니다
1,디즈니..넘 실망....어떻게 그럴수있니
1,내 어린시절 뮬란을 이렇게 망치지마
1,중국이 싫다고 1점 주지는 맙시다. 저는 이 영화가 싫어서 1점 줍니다.
1,영화에 짜장이 묻으면 이 꼴 나는구나 ㅋ
1,돈으로 헐리우드를 샀지만 관객마음은 못사지
2,기대도 안했는데 기대이하였음 디즈니에 개실망
2,개봉하기전에 이미 봤다...ㅋㅋㅋㅋ견자단하고 이연걸 아깝다... 여기 왜 출연했어..
4,이번만큼은 동의 합니다. 찌꺼기라는 평론가의 평점을..
4,이번 영화는 그저 유역비를 보고싶어하는 이들을 위한 팬심 영화인듯 이거 보지 마시고 예고편이 더 재밌어요
1,21세기 희대의 망작. 디즈니 주주로써 화가 치밀어 오른다
1,중국물 찜찜함에도 팬심으로 봤다가 원작파괴에 재미까지 없어버리니 홍콩에 대한 미안한 감정만 남았다
1,- 한줄평 -짱깨가 짱개한 영화
1,미국영화계가 중국자본으로 춤을 추니 모든 영화가 중국스럽구나. 짜증난다.디즈니는 디즈니 답게.
1,FREE HONGKONG
1,진짜 올해 최악의 영화. 전 배우들의 발연기에 개연성 없는 스토리가 산으로 가고 전개가 매우 빠르며 뜬금없는 개과천선 모든 면에서 최악이다. 액션? 특유의 그 중국식 수도사들이 쓰는 액션들이라 퇴보됨. 이거 볼 시간...
1,디즈니는 왜 명작 애니메이션들을 실사로 망치는가. 21세기 디즈니의 퇴화를 보여주는 작품이 될듯.
1,... 노답 ㅠㅠㅠㅠ 돈 아까워..
2,애니메이션 !  스토리개연성 넘 떨어짐
1,와 진짜 미침 모든 면에서 수준이하라 디즈니라고 믿기지 않을 정도 단점 밖에 없어서 오히려 단점이 없는 영화
1,개똥같은 영화   진짜 재미가 1도 없네   1점도 아깝다
1,탄압과 차별에 대해 다룬 영화를 위구르 살해현장에서 찍은 것도 어이없고 홍콩 민주화 운동에 중국에 지배당하라고 발언한 애가 뮬란역? ㅋㅋㅋ 아이러니하네
2,개봉 전부터 말 많더니 결과물 보니 정말 최악이었습니다... 원작 애니에 있었던 주요 캐릭터를 그렇게 다 빼버리고 왠 무엽액션영활 만들어놓고는... 쓸데없는 설정만 잔뜩 집어넣고... 이거볼바엔 차라리 원작애니를 한...
1,free hong kong 이라 적은 평점에 비추 테러하는 놈들은 다 짱깨가 누른걸로 봐도 무방하지? ㅋㅋ
1,굳이 보이콧을 안해도ㅋㅋㅋ 알아서 조용히 사라질듯ㅎㅎㅎ 먼저 디즈니+에서 개봉한 이유가 있었네ㅎㅎㅎ
1,감상포인트 어떤거도 죽기싫은데 골라야하니 참.ㅋ 난 영화 좋아해서 아무리 재미가 없고 감동이 없어도 5점 이상은 준다 . 내가 1점 준거는 악당역할 배우가 그나마 애니랑 비주얼이 비슷해 1점준다 . 일단 주인공 보필...
2,도데체 볼거리와 영상미는 어디서찾아야되는가...제작비는 어디에쓰였는지..무협영화로 탈바꿈해버려서 원작의 깊이를 전혀한발짝도 따라가지못한 최악의 실사영화임.이연걸 견자단을 병풍으로만들고 눈사태나 전쟁장면또한 과거 엠비...
1,이런 쓰레기를 돈주고 영화관가서 보는 사람이 있다니 쯧...
1,원작이 웁니다ㅠㅠ
3,보는내내 울다나왔다.스토리도 엉성하고 디즈니라도 너무했다이건
1,진짜 너무 별로 였다 중국...
1,이딴걸 영화라고 만들고 있냐?!관람 시간을 보상받고싶단 생각이 들정도로개노잼'디 워'도 이것보단 재밌었다
2,우선저는 정말로 맹세하고 관람을 한후 평점을 남기는것 이니 오해는 하지 말아주세요.우선 처음 예고편이 나왔을때 사람들이 우려한 그대로 영화가 나왔다고 생각합니다. 작년에 라이온킹이 나왔을때 사람들로 부터 많은 호불호...
1,"이상한 이유: 명품 ost 전부 버림, 감초 조연 다 버림, 억지스런 페미주의 전개, 저질 수준 낮은 액션씬;;  진짜 실망"
1,"중국 공산당편에 서서 홍콩경찰을 응원한 뮬란역의 유역비, 신장 공안국에 감사를 표한 노답 디즈니 SHAME ON YOU!! boycottmulan#nochina#freehongkong#freeuighur#freeti..."
2,이게 진짜 디즈니에서 만든게 맞음?..이름만 뮬란인거 아님?
2,디즈니를 욕보이다니...
3,배우논란 이런거 다 배제하고 영화만 평가했음.평소 중드+무협물 보는거 좋아하는데 뮬란은 ㄹㅇ 10년 전 중국무협영화 보는 기분이었음...메이크업 의상도 촌스럽고(오리엔탈리즘 끝판왕) 내용도 이게 뭔지 모르겠고...액...
4,"참나.. 내가 제일 좋아하는 디즈니 프린세스 (뮬란도 포함임) 망쳤네,,ㅎ"
1,원작이나 봐야지...
2,"디즈니 애니메이션 중 뮬란을 가장 좋아하고, 어린시절 뮬란을 수십 번 보며 성장한 제 기준에서는 엄청난 졸작입니다. 수호신 무슈와 귀뚜라미 등 매력적인 서브 캐릭터의 부재에, 디즈니 영화 매력의 정점인 ost도 모두..."
6,마녀는 굳이 넣을 캐릭터가 아닌데 넣었고후반부에 갑자기 착해지는 것도 스토리 개연성에 안 맞습니다.
1,"....이거 평가하기가 너무 어렵다. 무엇을 표현하고 싶은가? 무엇을 말하고 싶은가? 무엇을 보여주고 싶은가? 어른들의 향수를 위한 영화라고 생각했지만, 어린이들이 볼만한 영화다."
2,재미가 너무 없어서 별점 하나도 아까워요
1,
1,영화 앞부분 어린시절 집안구석 뛰쳐다니면서  어린 뮬란시절 연출력 보면서.. 와 진짜 영화 어설프다했는데 끝까지  엉성했다. 같이 영화본언니랑 싸울뻔했다고
5,왜 각색을 이렇게 했을까요?  의문입니다 걍! 애니를 한번 더 보느게 정신건강에 좋은듯합니다
2,넘 재미없었어요.만화를 넘  재미있게 봐서 기대를 많이 했거든요..내용의 개연성도 떨어지고..디즈니 특유의 뻔한 감동(그래도 그것이 좋았거든요)도 없고 ..아무튼 디즈니 답지 않았어요.
3,스토리가 너무 어설퍼요.내용에 전개와 짜임이 너무 기대이하네요.
5,애니메이션의 감동이 너무 컸던 탓일까... 딱 그저 볼만한 정도였음... 뭐든지 다 애매한 영화...
6,원작을 좋아했던 분들이라몀 실망할 요소들이 많네요 ㅜㅜ 디즈니 넘나 좋아해서 봤는데 색감이라던가 유역비의 액션 외에는 좋았던 점은 없는듯해요
3,중국 눈치 실컷 보더니만 결과물이 이거냐?? Reflection이 영화 끝나고 나와... 짜장면을 짜장하고 면 따로 먹는 느낌..
6,주제의식을 돋보이게 하려 군더더기라 생각하는 것들을 제거했다. 그랬더니 '뮬란'이라 부를 수 없는 중뽕영상이 탄생했다.
2,역대급 진토백이 오리지날  중국산영화  중국영화는  관시문화땜시  발전이 없음  이거만든  감독  수입료나  많이  챙기고  도망가라..  대만은  영화는  이러지  않는데  중국은..
1,이런.... 뮬란을..
4,예고편을  보는것으로  팬심 달래심이..
5,Disney 특유의 musical적 요소가 없음. 만화영화보다 dinamic하지 않음.
2,전문가가 아니라서 뭐가 잘못되었는지는 모르겠는데 뭔가 많이 잘못된 영화.. 재미도 없고 뭔가 엉성하고 내가 막 부끄럽고...
1,free hong kong
1,0점 주기는 없냐? 억지로 1점 주게 만드네.
2,시대를 역행하는 지루한 무협영화
6,중학생딸과봤는데..성평등..대사등너무 올드한 것같아요
1,쁘리횽콩~~!!! 띠벳쁘리~~~~! 따이아 남바완!!!!~~~~
1,뮬린캐릭터설정이 맘에 안듬
1,진짜이렇게 재미드럽게없는영화첨봄내 인생 내목숨걸고 하는말임무슈가없는 뮬란은 걍 잡영화
1,유역비(뮬란) : 난 중국공산당을 지지한다.
6,그냥저냥 봤습니다오문희가 더 재미있을듯요
4,
1,뮬란 불매운동!! 뮬란 보이콧!! Free Hongkong!!!
1,중국놈들  지구에서 사라져라
2,재미리얼 없습니다...
4,
1,그냥 공산당이 싫어서 안봐요가지않겠습니다 사지않겠습니다 보지않겠습니다 NO CHINA
2,재미없으면 공감 재미있으면 비공감
8,걍 !  마녀가 참 얼척 없게 죽네.  디즈니도 참 중국 돈으로 만드니 !  망작으로 만드는군!
2,무료로 OCN에서 보세요.
1,알라딘은 원작처럼 선을 지켰고 라이온킹은 무표정 같지만 티몬과품바가 있어서 좋았지만 뮬란은 무슈 개그삼인방 샹장군 귀뚜라미 뮤지컬도 없고 그냥 삼류무술영화로 만들었다.
6,만화영화가 훨씬 재밌긴 합니다. 기대에 못 미쳤네요. 전체적으로 아쉬웠어요. 특히 스토리가~~
2,디즈니도 이제 전성기 시절때 그 특유의 순수하면서도 완벽한 느낌은 찾기 힘들다고 보는게 맞을듯ㅋㅋ pc에 맛들리고 윗쪽에서 강제식으로 압박 넣으면서 제작할때부터 한물갔다고 봄..
2,"굳이 보이콧 할 필요가 없을 정도로.. 재미가 없음. 원작에서 몇가지 구성과 전개가 차용했을 뿐, 주인공 이름이 뮬란이라는 점만 같을 뿐.. 아예 다른 영화. 지루함. 긴장감 없음. 약간의 페미성도 있음"
6,이영화는 장점보단 단점이 돋보이는 디즈니의 몇안되는 영화입니다. 일단 디즈니하면 기승전결이 완벽한 스토리라인과 귀를 홀리는 ost라인 연출 영상미가 압권인데 전에 나름 흥행한 알라딘실사와 비교해봐도  딱히 관람내내 ...
3,애니를 실사로 만든거중에 최악순위안에들듯.
1,애니메이션 똑같이 만들지 감독이 지맘대로 만들어서 올해 최고의 망작을 만들었네. 보는 동안 이렇게 지겹게 만들수 있는 능력에 다시 한번 놀람 돈은 어디 셨는지 . 전투장면의 사람들도 너무 없고 동네 양아치 싸움으로 ...
1,평점 왜케 높냐 돈으로 알바풀었나 되두않는 그래픽 긴꼬리빨강새날아다니고 스토리 연결도 매끄럽지 않더라 그렇다고 이쁘고 잘생긴 애들이 나오는것두 아니고 유이페이도 안꾸미니까 못생김
1,영화외 이슈를 배제하더라도 개ㅆ핵망작이다. 영어대사는 80-90년대 더빙 같고. 연기는 개판에. 연출은 무엇?? 100프로 중국영화 느낌이고 무협전성기때 영화보다도 질이 훨씬 떨어진다. 개연성은 개나 줬으며 수많은 ...
1,홍콩을 억압하는 중국의 경찰을 지지하는 여배우가시대의 억압에 맞서는 뮬란을 연기하다니완전 모순.
1,착짱죽짱. 우한폐렴 out! 공산당이 싫어요
1,총체적 난국
1,개 씹 노잼
1,중국 무협 영화 같아서 많이 놀람
1,"반도, 살아있다... 에 뮬란 추가.."
1,여러분 이 영화 보지 마세요 디즈니 로고만 붙인 중국 무협영화에요 오히려 잘만든 무협영화가 나을지경 뮬란 오에스티 다 생략됐고 걍 원작 뮬란 다시 보세요 별점은 빵점하고 싶은데 안 그럼 리뷰가 안 올라가서 1점 매겨...
4,"스토리의 빈약함과 생각보다  작은 스케일, 유역비 연기와 신체적 한계(적어도 남자와 키라도 비슷해야..).. 우리 배우 수연이 했다면 훨씬 나았을텐데..^^  정치적 배경의 보이콧이 아니더라도 권하고 싶지않은 영화네..."
5,아니 애니 그대로했으면 재밋엇을텐데 각복스토리 왤케 븅ㅅ처럼 해놨냐? 진짜 폭죽대신 투석기 사용하는건 에바였어 ㅡㅡ
2,장예모 감독의 영웅을 한번더 보는게 나을듯..
1,No1 Taiwan!! PRAY FREE FOR HONG KONG!!!
1,"중국공산당 미화영화를 보다니.. 사람 맞나요?  1950년 그 추운 겨울대한민국을 침공하여 수백반의 사상자와 이산가족, 민족분단의 아픔을 만들게한중국..  지금껏 한번도 사과를 하지 않았습니다.수천년동안 한국을 괴롭..."
1,이걸 본다고???
3,애니가 훨나음 뮤지컬 아님 액션 은 평타
1,평식이 형이 4점 줬다. 거르자.
2,이 외중에 이걸 보러 가는 인간들이 있다니 ㄷㄷ
2,이게 재밋다고??돈 아깝다 진짜 오랜만에 남긴다 후회한다 보지마라 액션은 티비광고 에서 나온게 액션 전부다 유역비는 멜로나 찍지 무슨 액션을 찍는다고 별한개면딱족하다
2,디즈니 손절해야한다.
1,모든 면에서 애니보다 한참을 뒤떨어진다. 이렇게 성의없게 만들기도 힘들었을 듯. 도대체 2억 달러가 넘는 제작비는 어디로 사라진 것인가
1,원작 애니를 이렇게 망치는것도 능력인듯
2,이럴거면 걍 중국감독에게 맡겨 장예모 첸카이거 써 공리 나오자나 그럼 뭐라도 나왔것지...견자단 이연걸 나온대서 봤드만 왜 캐스팅 했다냐....
1,디즈니 중국화와 페미때문에 이젠 극장에선 안보려고 한다
2,무협영화라기엔 스토리가 약하고 (그나마 다 아는 내용) 동화라기엔 알라딘 처럼 동심이 깨어나며 아련해지는 느낌도 없고. 이슈를 떠나서라도 디즈니가 중국 돈벌려고 현지인들 눈치보다 본연의 색을 일어버린 망작느낌. 그렇...
1,노잼 노잼 너잼 노잼 노잼
4,"탄산 없는 콜라 느낌, 원작 뮬란의 장점 중 하나인 보컬 노래가 없는데 어케 실사화인지... 실사화 최고봉은 알라딘이다."
1,그냥 양산형 중국영화 인줄
4,원작에니보다 한~~~~참  모자라다
1,지금까지 중 최악의 실사영화... 솔직히 불사조 새새끼는 왜 나오는지 모르겠고 악역들은 찌질하고 더럽게 말 많음... 거기다 갑자기 내래이션은 왜 나옴... 뮬란 자체도... 하아. 결론: 개연성 폭망. 진짜 총체적...
1,구역질 나는 영화. 볼 가치가 있나?
1,킬링 타임용으로도 부족
6,스토리가 넘 없었어요ㅜㅜ 같이간 초등생 여자아이들의은 뮬란이 멋지다했는데요 어른들이 보기에는 스토리 없고 디즈니인데 음악도 그닥이란점ㅜㅜ배경이 멋졌는데 전쟁신이 애들 장난하듯함 이게 제일 아쉬웠어요 더 황당한것은 문...
1,중국 빠는 유역비 영화는 거른다
4,ㅋㅋㄹㅇ 이거 초중반에 볼만한데 갈수록 다없다
1,중국자본 들어간 영화는 보지맙시다
3,디스 이즈 차이나 무비중국 코로나
1,"뭐 중국, 홍콩 경찰 옹호고 뭐고 그냥 영화 자체를 못만들었는데.;"
1,홍콩 탄압 찬양하는 반자유주의 공산주의 영화
4,디즈니 영화의 매력은 눈을 뗄 수 없게 만드는 쫀득한 모션과 편집이었는데 역대 디즈니 영화 중 이렇게 스로우 모션으로 범벅이 된 게 있었던가? 그리고 가장 중요하다고 보여지는 뮬란의 결심후 변신장면은 왜 그냥 스킵하...
1,조작충들 잘들 지껄이네
1,개_같_은 영화 짱_개_들의 쓰_레_기 영화 .. 이영화는 보는 인간들은 매국노 짱_개
4,너무나도 스토리 구성이 빈약한 영화 영상미는 봐줄만 해도 스토리 부분은 너무 반감 되어 재미가 떨어짐
1,중화사상이 쩌든 배우들이 만든 영화라....
1,"디즈니의 흑역사, 이곳에 박제되다"
1,연계성 없는 스토리와 영화보면서 졸리긴 처음인것 같음. 제작비가 다 어디에 사용되었는지???핵 노잼. 평점 1점도 아까움.
4,어휴.. 이걸 어디서부터 얘기해야 할지.. 할많하않...
1,정말 1점도 주기 싫은 영화임너무 인위적이고 너무 어색하고 돈 낭비 영화....
1,"주연 배우는 홍콩경찰 지지, 엔딩 크래딧에는 위구르족 탄압단체에 감사 표시, 고증은 말아 먹었고 3박자를 고루 갖춘영화"
1,뮬란 애니를 보세요. 차라리 그게 낫습니다. 애니메이션 뮬란2 보다 재미없습니다. 영혼이 없는 영화... 공리는 왜 출연했는지 의문...
1,하... 정말 기대했어는데 이건뭐 중국3류 무협영화보다 못한거같은 느낌은 저만 느끼는건가요...
4,....?댓글이 알바인 거야 아님 나만 별로인 거야. ?
2,마녀요....왜 마지막에 갑자기 착해짐? 난 극장서 개봉전에 이미 봤음 자랑은 아님 근데 이미본게 자랑은 아니지만 다행인듯함..
2,보다가 잤다 영어듣기 잘들리더라
6,원작 생각 안하고보면 걍 볼만한 중국영화...
4,현재까지 나온 디즈니 실사화 영화중에 가장 노잼입니다. 디즈니 찐 팬으로써 한번더 실망하고 갑니다.
1,짱깨짱깨짱깨짱깨짱깨
2,논란을 떠나서 영화 자체가 재미가 없더라! 말같지도 않은 영화
1,뮬란 보이콧. 보이콧! 중국 물 먹은 더러운 영화. 과연 재밌을지 좀 찾아보고 영화보세요.
1,아직도 디즈니충 ㅈㄴ많네 ㅉ
6,그냥 그랬어요 노잼까진 아니지만...연기도 어색하고.. 액션씐도 어색하고..휴
1,디즈니의 pc가 위선인 증거
2,애니랑 비교하게엔 좀 많이 부족 아예 중국어를 섰으면 좀 더 좋았을라나 영어와 뭔가 잘 안어울리고 영상미도 마녀도 좀 스토리상 안맞고 전체적인게 부족 알라딘보다도 못하다...감상포인트 해줄만한게 없음 중국을 너무 의...
2,에휴...디즈니영화라 애들이 좋아할꺼라 생각하고 자동차극장갔는데 무협영화였네요ㅜ애들  지루해하고 스토리도 무슨 중국찬양영화같았어요...비추해요.
1,Hongkong free!!!!
4,견자단 액션 30초 빼고는 감흥도 없고... 감동도 없고....유역비 애기는 한방에 날라갈거 같이 갸날프네..ㅋㅋ
1,일본의 만화 실사화에 돈을 들이면 이런게 나오지 않을까... 친중 거르고 봐도 이건 좀 심하다
1,인권탄압의 메카인 신장자치구에서 촬영중국공안 옹호 퉤퉤퉤 드러워서 안봐요
6,
1,돈으로 빚은 중국똥덩어리...애니만 보세요
5,반도나...뮬란이나....유역비가 이뻐서 5점 이내요...나머진...그냥...여자들이 알아서 하겠저...영화보면서 여자들이 지금도 어렵고 힘들게나사...싶더군요...이렇게까지 눈치보며 흥행못하는영화 만드는이유는 뭔지...
6,엑션 영화 입니다.ㅋㅋㅋ
1,FREE HONGKONG
1,앞으로 짱깨새끼들은 영화 못만들게 해야 한다. 공해다 공해.
2,혹시나...역시나...
4,그냥 원작 애니메이션 뮬란을 한 번 더 보자
1,하...돌려줘 내시간
1,우웩카욱커욱에욱우익
1,이건뭔지ㅎㅎ아닌가.
1,몰랐는데 야오 말고 링 치엔포도 나왔던데 누가 누군지 모를정도로 새로 나온 동료 때문에 답답할 정도
2,기대 많이했는데 ㅠㅠ
4,개미  크라운제이가 나와서 놀랐다  그리고 뮬란 혼자 무쌍찍고 혼자다함 ㅋ
1,이걸 영화관에서 볼 사람 상영관에서 잠자는걸 추천함
1,친중 좌파분들 이 영화 님들이 싫어하는 미국에서 만든 영화니까 평점 1점 주시면 되요
1,음 보이콧 하실 분들 계속 하셔도 될것 같아요~!
4,이런 저런 논란 떠나서 너무 재미가 없어요..명색이 무협물인데 액션이 c급 입니다..스케일도 그많은 돈은 어디다 쓴건지 뒤에 한번 나오는 대규모 전투씬은 규모가 너무 작아요 ..뮤지컬 형식을 떼니 그냥 이도 저도 아...
3,메이드 인 차이나 품질 같은 영화. 원작과는 달리 왜? 라는 물음이 계속 나옴 ;;
1,사스가 차이니즈 머니 영화
2,고급 레스토랑에서 컵라면 나온 느낌...이렇게 만들고도 돈벌려고 하다니ㅜㅜ
1,마지막에 주작이 날아오를때는 내 빡침도 하늘로 올라갔음
1,중국인 댓글부대 심각하네...
1,클레멘타인도 이것보단 낫다 반박시 마오쩌뚱
2,차라리 ㅇㅐ님ㅔ이션이였으면 좋았을즛
1,ㅅ ㅣ  ㅈ ㅣ ㄴ  ㅍ ㅣ ㅇ  ㄱ ㅐ ㅅ ㅐ ㄲ ㅣ
1,뮬란 불매!! 보이콧!! 우리나리 사람들은 뮬란 많이 안보러 갈줄 알았는데. 이렇게 많이 보러 갔다니 놀랐다. 뮬란 안본사람으로 글 남긴다.
3,이미 외국에서 평이 망할대로 망한 걸 알고 봄.. 재미없는 건 둘째치고 아무리 봐도 이 시기에 뮬란 실사화를 한다는 건 중국자본과 PC자본에 묻어가려 한 거 같은데 아이러니하게도 중국인들과 PC지지자도 싫어할 거 같...
1,아름다운 홍콩을 구원하라 !!!!
1,이정도면 뮬란을 안보고 만든 영화입니다
1,최악최악최악최악최악최악최악최악최악
1,보지마세요 돈아까움.
1,역사 의식 다 무시한 채 디즈니라는 네임표달고 만들어재끼면 그게 영화냐?
1,짱개 무협영화에 디즈니 마크만...주옥같은 뮬란 OST는 어디다 다 팔아먹고...아이유를 뮬란으로 해서 다시 찍어라...
1,#BoycottMulan
6,.그래도 뭐 디즈니니까 재밌겟지..재미있어지겟지..했는데 마지막까지 액션마저 잔잔하니ㅎ 그래도 코로나덕에? 영화관 사람 아무도 없어서 엄마랑 조용히 잘봤어요.
2,"눈사태 씬은 어디 갔으며 유역비의 발연기 이연걸, 견자단,공리는 왜나온거냐?? 차라리 작은소망이 더 낫네 Taiwan No.1 !"
1,
1,엄청 기대했는데 이걸 보는 순간 오래된 원작 애니가 대단한 명작이라 느낄거다. 중국자본 들어가다 말았는지 완성도가 폭망수준..
1,Free Hongkong
1,중국 공산당의 신장 위구르 인권탄압에 침묵한 디즈니는 각성하라
1,중국물 먹으면 디즈니도 어쩔수없이 맛이 가버리는구나..
6,방금 조조로 봤는데.. 음.. 예상대로의 영화였음. 기대안해서인지 화는 안나네^^; 내가 이연걸을 못알아봤다는게 더 충격 ㅋㅋ
2,쓰레기입니다. 진지하게 이걸 볼거면 차라리 테넷을 보십시요.잘 만든 원작에 중국과 PC가 묻은 쓰레기입니다.여기서 유일하게 잘나온거? OST말고는 없을겁니다.그 OST마저 뮤지컬 사운드 트랙이 아니라 ㅄ BGM으로 ...
6,꾸역꾸역보는 개돼지들 많구나 정말 대단해
1,본격 중국 따까리되서 꿀좀 빨아보려다가 중국에서 오지게 까이고 한국에서도 개까이는데 쓰래기 매수된 조작전문 네이버에서는 8점이상 평점치는 쓰래기 영화
1,와 진짜 어떻게 평점 8점대냐??? ㅋㅋ
1,
1,"참나 이걸 영화라고,,,오랜만에 잠 잘잤네~"
1,굳이 불매운동 하고 말고 할 필요도 없음. 정치적인 문제를 떠나서 그냥 재미가 없음ㅋㅋ
1,뽀로로 극장판이 더 재미있는듯
1,"인생 최악의 영화, 계란없는 계란빵, 팥없는 팥빵, 크림없는 크림빵, 해물없는 해물탕 같은 느낌 스토리도 연속성이 전혀없음. 로또 당첨되셔서 돈 낭비 하시고 싶은 분들은 한번 보시는 걸 추천합니다."
1,"소수민족은 탄압하고, 파룬궁은 장기를 적출하면서도 더러운 돈을 쏟아부어 뻔뻔하게 이딴 영화를 만들려는 짱께를 보면 한국의 미래가 암울하다..."
1,어이없는 영화 주인공 발연기에 스토리는 삼류고 재미라고는 1도 없음 .
1,돈 앞에 디즈니도 어쩔수 없구나
1,네이버 못믿겠넼ㅋㅋ 카카오영화평점은 2.1인데 장난하냐 ㅋ
1,Free Hong Kong
1,그냥 영어가 나오는 중국영화
2,유역비 배우의 표정없는 고도의 내면 연기가 일품인 영화
6,그냥 애니의 반에반에반의 감동과 극적 긴장감도 없는듯
2,"홍콩민주화 만세, 위구르 독립 만만세"
1,홍콩의 민주화를 응원합니다
1,이게 영화냐..원작 박살내버렸다..평점 내리자
1,우한폐렴 와중에 허접한걸 .
1,왜 사람들은 보지도 않고 덮어놓고 작품을 까는 걸까요? 이 작품은 연출이면 연출 특수효과면 특수효과 스토리면 스토리 미술이면 미술 의상이면 의상 그 어느하나 흠잡을때 많은 실로 어마무시한 작품이오. 난 안보고도 알지...
1,프리 홍콩 프리 위구르 프리 티베트
1,올해 본 최악의 영화!!!
1,기대하고 봤다가 너무 실망..뮬란 애니메이션이 나았다..
1,말하는 용없는 뮬란은 앙꼬없는 찐빵
1,쓰레기 같은 중국 자본 영화. 원작 디즈니 애니가 아깝다.
1,헐리우드가 중국검은돈 받아 중뽕질한 영화. 근데 뮬란은 정작 한족이 아니다. 국제깡패 우한폐렴원흉 차이나 세계가 보이콧중인데 지금 상황에서 이게 보고싶나? 앞으로 중국소재 영화는 전부 쫄딱 망해야 정신차린다. 천멸중...
1,중국 찬양 영화 보이콧합니다.
1,평점 1도 아깝다. 상영 전부터 시작해서 디즈니 먹칠한 작품으로 기억될듯...
1,알밥들 ㅋㅋ 개많네ㅋㅋ
1,이건 재미만 없는게 아니라 볼거리도 없음;;아니 제작비로 2억 9천만달러를 썼다면서 스케일이 안시성한테도 딸리는게 말이 되냐? 솔직히 말해봐 너네 제작비 절반 중공애들한테 상납했지?
1,쓰레기같은 내용으로 버러지같은 국적의 쓰레기같은 생각을 가진 배우가 찍은 영화
1,#뮬란보이콧폭력을 옹호하는 영화 제발 보지맙시다!
1,"유치하고 재미없습니다, 액션신도 너무 억지 같고 디즈니에서 만든게 의심이 갈 정도.."
1,중국 자본 벌기 위한 디지니 영화... 공산국가를 위한 영화
1,1점도 아까운 영화인데 가장 낮게 줄 수 있는 평점이 1점 뿐이라 아쉬울 정도
1,이건뭐얌?이건뭐얌?이건뭐얌?이건뭐얌?이건뭐얌?
2,"별로 재미가 없습니다. 전투도 스케일이 크지 않고, 영화야 그러려니 하고 보는 편이지만 이해가 많이 필요합니다. 보면서 애니메이션 생각이 많이 나더군요. 보이콧을 떠나서 별로 재미가 없었습니다."
2,불면증 치료 잘 받고 나왔습니다 하하하
2,엄복동이 그리운영화입니다.
2,유치해서 못보겠더라. 이에 비하면 욕하며 봤던 반도는 걸작이다.
2,보이콧 하세요왜 논란 떴는지를 알아야합니다
1,"주연배우 유역비가 홍콩 민주화 운동이 거세던 지난해 8월, 과잉진압을 벌인 홍콩 경찰을 지지하고 나선 겁니다.전 세계 누리꾼들은 디즈니 계정에 '보이콧 뮬란' 해시태그를 보내고 불매운동을 벌였습니다.[..."
1,논란 떠나서 재미가 없어요...;;
2,와~진짜 짱깨영화의 졸작을 보여주는 최악의 영화다ㅋㅋ 그냥 발로 만들어도 이것보다 나을듯 수준이 그냥 우한코로나 바이러스 수준이다!진심 좋은 소재인  뮬란을 저리 만든인간들 한심하다!
1,안보길 잘했다~ 노래를 없고 귀여운 용이 어디갔어?
1,이걸 보고 싶음? 인권 개무시 영화 스스로 미개해지지 말자
1,Free tibet free hk
2,"고증이 엉망이다. 디즈니는 동양의 돈만 원하지, 문화에 관심은 1도 없어보인다."
2,주인공들 연기말고 볼 게 없음...
1,뮬란 애니 20-30번 본 사람이라 기대를 안고 갔는데..진짜 어떻게 영화를 이렇게 버려놓죠..무슨 한국 사극 드라마 보가 못한 퀄이에요.. 어떻게 진짜 하..
1,너무 기대를 했었나... 거기다 완전 어이없는 포인트 i believe mulan! 중국갬성 가득한 킬링타임용 영화임
1,"그들은 우리의 생명, 일상생활, 경제를 비롯해 문화계까지 망쳐가고 있다.  더는 두고볼 수 없다."
1,"아마 이 영화를 보려고 하는 당신은 원조 뮬란의 팬일것이다. 아니면 여성을 주인공으로 한 영화의 성평등 메세지를 즐기고 싶을 것이다. 아니면 잘만든 액션 영화를 보고 싶을 수도 있고, 그냥 리메이크가 궁금할 수도 있..."
6,영화로 볼 수 있는 영상미는 매우 좋음하지만 만화보다 뭔가 빠진듯한 느낌은 지울 수 없네요
5,보통 마녀같이 악역은 까마귀같은걸로 변신하지 않나 왜 미국의 상징인 독수리로 변신하고 다니는거지 ㅋ
1,진짜 정치적 이슈를 떠나서 디즈니 뮬란을 이따위 개망작으로 만들다니... 아오 빡치네... 내 인생 최악의 영화로 꼽는다
1,아무리 취향을 존중해주고 개인차이가 있다고 해도디즈니 영화라는 이유로 이런 영화를 고평가 하는 네티즌들이이렇게 많다는건아직 우리나라 영화업계가 갈길이 멀다는 걸 보여주네요.
1,기적의검 실사판 그이상 이하도아님.
1,이제 왠만한 한국영화는 헐리우드영화를 뛰어넘는다는걸 깨닫게 해준 영화.... 어벤져스이런 대작말고는 이제 한국영화가 모든 분야에서 헐리우드 레벨 그 이상이 되는 것을 뮬란을 보고 알았다
1,"전세계 어떤관람층이 이 영화를 보고 만족했을지가 의문이네... 중국 여성들도 보고 호불호가 갈릴법한 독재주의찬양, 걸스캔두애니띵 만 주구장창 외치다 끝남... 원작고증 0점, 개연성0점 , 왜 들어가 있는지 모르겠는..."
1,영화관 박차고 나갈 뻔했습니다. 내 어릴 적 인생작을 이렇게 망쳐놨네 디즈니 XXㄴ들
1,ㅂㅅㅇㅎ임 보지마세요
1,뮬란 인어공주 줄줄이 망할듯
1,남주도 구리고 연출도 구린건 둘째치고 유역비.. 어떻게 배우가 된거지? 포스터 저렇게밖에 못 찍나? 지나가는 일반인 붙잡고 찍어도 저것보단 포스있게 찍겠다.. 생각 1도 없어보이는 무표정+동태눈깔. 무술 포즈도 엉성...
1,정말 재미없다. 다 안 봐서 다행이다. 쭉쭉 앞으로 감으면서 띄엄띄엄 본 내가 진정한 히어로다.
1,원작에서 뮬란의 노력과 지혜는 어디로 갔나요?우한에 두고왔나요?
2,짱깨가 개입하면 불멸의 디즈니도 망하게 하는구나ㅋㅋㅋ
1,이건 꼭봐라 두번봐라싮진핑 만만셊
1,그냥저냥 ~~~주인공부터 쫌~~~
1,지하에 있는 월트 디즈니가 통곡하겠다. 디즈니가 위선적인 PC주의로도 부족해 중국 공산당 선전물로 변하다니
1,디즈니가 원하는게 진짜 이거냐? 이거 너무 퇴보했는데 죄다 무술고수에 연기도 어설프고 진짜 봐도 얻는것 1도 없는 딱 액션만 보는 중국무협영화
3,"흥행참패는 여주인공 발언, 코로나 때문이 아니다... 그냥 영화가 수준 이하일 뿐..."
1,파워레인저 엔진포스나 보자
1,"홍콩 경찰 지지한다는 유역비, 예전부터 중화사상에 찌들어있던 공리, 이딴 배우들을 캐스팅하고 이런 상황에서도 입 다물고 있는 디즈니."
2,진짜 잼없고  유역비 표정넘없다
4,"국제관계. 정치성향 상관없이 개인적으로 영화에 대해서 그냥 별루 퐌타지 장르로 영화이고, 초중반부터 뮬란이 맞나하면서 보다보다.결국 내가 본건 무엇인지."
4,"신조협려에서 한 발자국도 못나아가는 유역비와 억지 연출, 스토리에 붕 떠버린 명배우 공리"
2,중국몽 OUT!!!타이완 넘버원
1,FREE HONGKONG
1,fucking corona bugs china !!! get out on the earth !!!
2,개똥쓰레기 이게 평균 8점넘는게 이해가안간다 짱깨알바쓰나
1,태어나서 처음으로 평점남김 개노잼..
1,그냥 개 ㅈ 망영화 다시는 안봄
2,재미없음 유치함 돈아까움
2,재미없음 유치함 돈아까움
2,쓰레기.... 시간 도둑
2,보지마세요 ㅈ가치만듬
2,평점왜이럼 재미없음 별 하나지 세개는 왜줘 ???평타치도 아니고 주연 마인드 쓰레기고...내시간... 돌려내....
2,실망스럽습니다.. 뮬란노래도 나오지 않네요
2,ㅋㅋㅋㅋ 안보는게 ㅋㅋ 시간아낌
2,"흐음... 별로...감상 포인트가 없다;;;;중국인들인데, 영어 생각보다 잘한다?? 정도?"
2,저도 여잔데 뭔가 벅차는 감동이 있어야 하는데 왕을 구하는게 너무 시시하네요 다소 개연성없는 어이없는 죽음도 있고요  시시해요
1,ㅡㅡ 이걸 왜 만들었냐?
2,"디즈니가 짱개자본으로 대충 짱개들 입맛에 맞춰만든 ㄱㅐ떡같은 영화(애니 실사판인데, 노래 넣는거 반대했다며).. 애니 뮬란 발끝에도 못미침. 그리고 유역비는 연기가 김태희급 같음. 저 표정 어쩔거야 저게 배우야 모델..."
2,영상미는 좋은데 그냥 재미가 없었음. 의미없는 피닉스는 왜 나와서 설쳐대는지.. 도와주는 것도 없는데 ㅋㅋㅋ 특히 마지막 전투씬은 웃음벨이었음
2,동양 여자들의 스테레오 타입은 많이 깨졌지만 동양남자들은 흠..못생긴 사람들만 뽑은듯. 이연걸이 황제역이었다는게 가장 충격이었다. 영화는 추억팔이도 아닌 시류에 편승하는것도 아닌 짱깨뽕짬뽕....테넷 한번 더볼걸. ...
5,"초반은 괜찮다가 후반 갈수록 개연성 상실. 주인공이 뭐가 뛰어난지, 뮬란 애니의 감상포인트는 제대로 집어낸게 없는 듯.크레딧에서 노래부를거면 영화 중간에 몇번 넣는 것도 좋지 않았을까. 노래가 있었어도 별하나는 더 ..."
4,유역비의 연기 깊이가 없으나 노래는 잘했네연출도 스토리도 약하니 킬링타임용
4,명작은 애니 뮬란인듯………
1,코로나 창궐시기에 목숨걸고 짱깨 영화 보러가는 니가 더 대다나다. 그리고 유역비가 예쁘냐? 콧대도 낮고 코끝은 뭉툭한데ㅋㅋ 울나라 아이돌그룹애들에 비하면 존못아니냐!
2,중국 무협스러운 쌈마이 액션이 돋보이는 개그영화. 무슈 돌려내라 디즈니놈들아. 내 시간도 돌리도ㅜㅜ.존카터 이후로 이렇게 못만든 영화는 첨본다.잘린 노래 가사대로 mister i'll make a man ou...
6,디즈니 팬이라서 뮬란 영화 기대하고 갔는데 영화 보다 하품눈물 나기는 처음. 요즘 영화치고는 영상미도 그닥.
1,뮬란이라는 애니메이션을 이해부터 하고와야 될듯
1,중국 믿다가 결국 망한 영화
1,유치하고 재미없어요~ 스토리 폐급
1,이딴거 보는게 이해 안감
1,원작 고증 1도 없고 동양문화 하나도 모르는 사람들이 연출해서 그런지 중간중간보다 읭 스러운 부분이 많음.
1,최악의 디즈니 영화가 탄생했다! 어린아이들도 어른들도 지겨워했다
1,차라리 터넷을 한번 더 보세요
4,이제 구라 중국 무술은 좀 지겹지 않나요?
1,중국은 소수민족 탄압을 중지하라.
1,"중국의 똥구녕을 허벌나게 빨아제끼는 디즈니, 근데 정작 중국에서도 평이 그지임 .... + 이거 볼바에 쿵푸허슬 100만번 본다"
1,아무래도 주인공 캐스팅 아쉽다..
1,홍콩인권탄압을 지지하는 중국배우들이 주연인 영화입니다. 외국에서는 보이콧운동이 한창인데...역시 한국은 언론에서 다루지 않습니다. 보시면 안됩니다
1,내가 영하 만들어도 이것보다 잘만들 자신있다.
1,흥콩에 프리 지지할때는 언제고 위그르 등등 인권 억압하는 영화를 좋다고 보는거 보면 한국에 이중성 역겹다!
1,"꼭 보세요. 클레멘타인급 명작임. 디즈니가 이런 영화를 만들다니, 스티븐 시걸이 기뻐할 거에요."
1,이 영화가 한국에서 흥행성공 한다면 얼마나 부끄러울지 제발 생각을 해보자. 이건 마치 일본 제국주의 영화가 한국에서 흥행성공 한거나 마찬가지이다.
1,"디즈니,,,...."
1,
1,디즈니...실망...
1,돈이 아깝다 kt멤버십으로 공짜로 봐서 다행이지 내 돈 보고 봤으면 억장이 무너질 뻔 했다. 그지 같은 영화 개연성이고 스토리고 아무것도 없다. 심지어 유역비도 안 보인다 어찌나 영화가 개판인지
1,쓰레기 영화. 게다가 페미니즘이라니. 영화나 제대로 만들 것이지. 여자라서 차별받았다구? 남자들만 전쟁터에 끌려가는건 괜찮구? 긴머리 풀어 헤치고 도포자락 나풀거리는게 자아를 찾는건가? 전쟁터에서 죽으려고 환장한거지...
1,짱깨들 애쓴다 ㅋㅋㅋ더러운똥내나는 영화일듯더러운냄새풍기며 우리나라까지 기어들어온바퀴벌레놈들 ㅉㅉ 당연히 안봄 ㅋㅋ 돈안쓰지 이딴거에
1,이게..왜 평점이 이렇게높지
1,위구르 사람들의  피눈물 ㅋㅋㅋ
1,이름만 뮬란... 만화랑 전혀 다름. 영화관에서 볼 필요 없음
1,근래에 보기 힘든 최악의 영화 였다.;;;;
1,이 영화를 돈 주고 볼 생각이라면 차라리 그 돈을 쓰레기통에 처 박아라
1,"보이콧 안해도 망할 영화. 개연성 없고, 무술은 얼척 없음. 주연배우의 정치적 발언 제외하고 작품성으로만 평가해도 냉정하게 시장에서 배척당할듯"
1,이게 5점보다 높다는게 놀랍다.어릴적 꿈과 희망을 노래하던 디즈니가 자본과 pc사상에 물들어 처참하게 무너지는 것을 못느낀걸까?난 어릴적 추억이 갈갈히 찢겨 나가는 비참함을 느꼈다.왜 저 만화영화는 다 서양밖에 없지...
2,어설픈 미국식 영웅주의와 졸부의 돈의 만남ㅎㅎㅎ그저 웃음만이...
2,이... 이게 뭐노
1,이딴영화 5점은 다알바임ㅋㄱ
1,스토리도 재미도 액션도 감동도 도대체 뭘 잡고자 돈들여서 리메이크를 했나 싶어요. 디즈니 영화 중 몇 개 실망작중에 최고 망작...
1,원작 뮬란을 기대하고 보면 생뚱맞은 b급 무협영화에 실망
2,뮬란 이미지는 유역비보다는 오히려 공리가 더 가까운거 같은데... 그냥 흔한 중국 무협지가 된 느낌... 유쾌한 애니를 왜이렇게 심각하게 만든건지
1,핵노잼...진심 보지 마세요... 이건 뮬란이 아니야!
1,한마디로 졸작!! 애니 뮬란 생각하시면 안되요내용이 정말 허접해요
1,걍 쓰레기...ㅋㅋㅋㅋ
2,감동도  스켈도 연기력도 없는
1,그냥 만화 뮬란 보세요실망이 큽니다
1,애니메이션 뮬란이 왜 뛰어난 영화였는지 제대로 분석했다면 이딴식으로 영화를 안만들었겠지.. 마녀가 나오고 마법이 나오는 설정이 모든걸 망쳐버렸다..
1,코로나 핑계대지마라 관람객이 없어서 망한게 아니다 이 영화는
1,
1,재활용 불가 졸작 OOOO ㅋㅋㄹㅇ
1,뿡뿌딕 영화....악
1,"중국 그냥 서양화해서 배우는 서양배우 주인공도 아시아계서양인, 배경을 중국으로 찍는게 나아보임. 영화만 주면 3류 무협을 만들라하니;;"
2,"어휴.. 꼭, 봐라 같이 죽자."
1,그냥 이거볼봐에 원작 다시봐라두번봐라
1,꼭 유역비가 해야 했나?
1,"원작의 여성 서사는 오히려 퇴보되어버렸음. 동양에 대한 지식이 1도 없고 커리어도 별로지만 ""여성""이라는 이유로 뽑힌 감독이 싸지른 똥을 보고 있자니 웃음 밖에 안나옴. 지나친 PC와 페미니즘이 얼마나..."
8,지루할틈은 없었습니다 영상과 액션도 멋있어요ㅎㅎ
7,무슈 없는건 너무 아쉽지만 볼만하더라구여~~
7,황궁을 실사로 보게되다니ㅠㅠ
7,전체적으로 괜찮은데 스토리가 조금 아쉬워요
2,역대 최고의 OOO 영화 ..진짜 캐실망함
1,응 중국 싫어 불매운동 홍콩지지
1,디즈니 실망햇숨니다 .... 평이 안좋지만 에이 그래도 디즈니자나 이러면서 봤는데 정말 뒷통수가 따갑네용
1,연기 연출 스토리 꽝인 영화
1,유역비가 문제가 아님 진짜 재미없어요 그나마 유역비 남장하고 군대들어간 데까지는 볼만한데 그후로는 휴.. 스케일도 작고 마녀는 왜 넣은건지
1,어떻게 8점 넘어가지????명작을 졸작으로 만들었ㅇㄷㅁ
1,7광구와  리얼과  성냥팔이소녀의재림을 능가하는 개좋망작
1,뮬란 애니메이션을 보세요
1,디즈니 영화중 최악을 기록할듯
2,"우리애들 왈, ""이건 뮬란이 아니야. """
1,안보시는 게 좋을 것 같아요^^
2,그냥보지마세요.후회합니다.
1,주인공 이름이 뮬란이라는거 빼고 공통점이 없네요
1,제대로 망한 영화를 보여준 대표적 사례. 게임을 하면서 봐도 전혀 어색하지 않은 연출. 너무 긴장감이 없어 스스로 허벅지에 바늘을 찔러넣어야될 구성. 이제 제대로 욕할수 있게 만들어준 주연과 감독에 감사.
1,"디즈니판 엄복동이냐? 개연성은 다 어디다 팔아먹었냐? 초원에서 웬 눈사태? 산속에서 ‘화 뮬란’ 소리치니깐 갑자기 슈퍼맨이 되서 싹 쓸어버리고,,, 비됴가게에서 천원주고 무술영화 빌려보는게 훨 낫겠다,, 진짜 이건 ..."
1,알바들은 좀 성의있게 평점달아라....
2,디즈니 특유의 색 없음 그냥 일반 무협영화
1,감독이 진짜 만들기 귀찮았나보다. 어쩜 그리 대충 만들었는지...디즈니도 감 떨어졌나봐 아참! 시진핑이 역비 아부지로 나옴
1,정말 딱 점수만큼 재미있네요
1,#boycottmulan #보이콧뮬란
2,"그냥 좋게 생각하려고 합니다. 이미 내몸을, 내눈을 배렸는데... 중국만의 잘못은 아니에요.. 모르고 보러간 우리의 잘못도 아주 커요... 좋게생각하려고 해요.. 암..."
1,별로다.. 기대이하임
1,중국의 탄압과 탐욕 그 사이에서 탄생한 영화
1,8점이.넘어?? 미친영화평점은 다음영화로
1,관람객 평점은 중국인이 쓴거냐 ?
2,중국눈치를 너무너무 본 영화.  엉성한 스토리 엉망인 고증. 재미없음. 한마디로
2,예고편을 먼저봤는데 예고편이랑 영화랑 왜 다른거죠....아무내용없이 그냥 싸우기만하다 끝난것 같아요마지막에 황태자인지 뭔지랑은 왜 잘된거죠? 갠 여자인걸 알고있었나요?
1,용도 없고 귀뚜라미도 없고 샹도 없는데 이게 물란이냐?
1,스포일러 조심!중국 일본 인도 다 섞은 듯한 아시아 판타지에 중국 냄새가 심하게 납니다. 벽을 타고다니고 뒤가 비치는 하늘하늘한 천으로 적들의 뚝배기를 부수며 중력따윈 무시하고 왕은 멍청하게 함정에 빠졌다가 명언인듯...
1,Free HongkongFree TibetFree TaiwanFree Uyghur
1,HONG KONG FREEDOM.
1,"뮬란은 유역비가 아니라 아그네스 차우다. 정의란 없는 인권 탄압 옹호 지지, 폭력은 소비하면 안됩니다. boycottmulan"
1,평점은 영화를 본 사람이 달아야지. 라는 나의 고정관념을 깨준 영화.
1,프리 홍콩 프리 위구르 프리 티벳
1,차라리 일본애니 실사를보고 말지 10ㅋㅋㅋ
1,디즈니라는 타이틀 빼면 아무것도 없네요
1,"스케일, 스토리, 연기, 연출, CG, 개연성 등 모든 면에서 망작.  뭐하나 멀쩡한게 없는데 특히 그 넓디넓은 황궁 방어병력 모아놓은 씬에서 체10명 안팎의 숫자가 모여 국민체조 대형을 하고 있는거 보고 디즈니가 ..."
1,Free Hongkong
2,노잼...////ㅁㅁ
1,이건 그냥.... 배급만 디즈니가한 중국영화액션부터 cg 모든게중국이다
1,중국 무협영화라면 몰라도 뮬란 실사 영화는 아니다.
1,역시 기대를 저버리지 않는 중국 특유의 유치한 오버액션
4,이민족을 오랑캐로그리고 중화사상에 찌든 망작. 뮬란이 언제부터 중화족이었나?
1,14억 인민을 독재로 통제하는 중국 공산당과 습근평에 아부하는 월트디즈니를 보게 될 줄이야. 1점도 과하다.
1,알바들 승ㅋ
1,중국 멍멍이 영화 ...
2,초반에 어린 뮬란이 닭을 쫓는 장면이 나온다. 모두 몰랐을 것이다. 그 닭이 바로 이 영화의 시나리오를 쓴 장본인이라는 사실을.
4,박평식 ㅋㅋ화려한 찌꺼기 ㅋㅋㅋㅋ적절하네
1,딱히 말이필요하나?
3,"누군가가 딱 제 생각을 얘기했네요. ""영어로 된 중국영화""!! 그냥 정말 볼 게 없을때 보세요. 돈은 쓰지 마시고."
1,0점준다 이유는 내로남불 과대포장 중국식 제국주의적 세계관 소수민족차별 등
1,인종차별 각본도 다바꾸고 개별로임
1,나 요즘 왓챠에서 평점내서 네이버 잘 안오는데 영화 진짜 걔쓔례끠같아서 시간버리지말라고 평점 매긴다 별 반개도 아까움
1,이러면되노이기야?님ㄱ
2,개연성 없는 스토리에 영화 볼 재미가 없네요. 이게 디즈니에서 만든작품이라 생각도 안들고 중국 무협보다 더 꽝이네요
1,딸랑 10명이 쳐들어가니 밀리는거 참 웃기네 ㅋㅋㅋㅋ전투 스케일이 생각보다 너무 작아서 실망. 실제 5점이나 다 알고 있는 이유로 1점주겟음
2,우리가 아는 뮬란은 98년에 죽었다
1,닥치고 1점 줍니다
1,"뮬란에서 가장 중요한 장면중 하나인 아버지의 칼로 본인 머리를 잘라서 남장을 하는 장면도 삭제, 뮬란의 중요한 캐릭터인 무슈나 샹도 삭제, 갑자기 뜬금없는 마녀 캐릭터 등장, 중국 역사에 대한 무지가 낳은 복장과 묘..."
1,Free HK  Boycott China
2,디질리 비타스나온 뮬란이 더잼있네
1,"디즈니의 시대도 끝났네. 중국자본에 녹아서 이딴 쓰레기영화도 만들고, pc주의에 범벅되서 인어공주는 무슨 흑인으로 데려다쓰질않나..ㅉㅉ"
1,디즈니에서 만든영화라는게 믿어지지않는졸작임  스토리도 억지스럽고액션도 그다지 시원하지도 않고돈아까웠음
6,누가 계속 연 날리냐ㅋㅋㅋ
1,
1,
1,디즈니는 실사 영화는 피해야할듯... 정말 노잼이네
2,으휴 제작비 다 어디로 썼나요? 니키카로
1,BoycottMulan 수현언니 노래나 열심히 들을래요
1,스토리 모든게 pc 진짜 영화 몰입도 방해될정도로 너무하다 생각함
1,와 이딴 영화가 평점 8이 넘어가네진짜 꼭 보세요 여러분들!
1,FREE HONGKONG
1,이거보는 OO 없제? 없길 바람
2,아니 이거 나만 재미없는건가요???  평점이 왜높은거죠???
1,그냥 제발 아무도 보지마세요. 초중반부터 한숨밖에 안나오는 영화. 동양 문화에 대한 기본적인 이해가 없는 감독이 사고의 흐름대로 대본을 바꾸고 거기에 맞춰 캐릭터들을 짜맞춘 느낌의 3류 영화.
1,뮬란을 슛돌이로 만들어 놨네
8,"역시 기대를 안하고 봐야  볼만함..  나쁘지는 않았음,  디즈니스럽지 않게 노래뺀거는 많이 아쉽다...   그리고 나름 그쪽동네에서는 유역비비롯 유명한배우들인데  왜 이렇게 밖에 못만들었지  디즈니에 의문이 들긴함..."
1,내가아는 뮬란 맞나요?
1,음식물 쓰레기통에 버려진 짜장찌꺼기 보다 못한영화
1,중국을 찬양하며 등장하는 가짜뮬란의 가짜정의
1,FREE HONGKONG 이건 진짜 아니예요 딴거보세요 뭘봐도 이것보단 낫습니다 배우며 연출이며 화장이며 촬영지며 하나도 안괜찮습니다 영화볼거면 딴거보세요
1,애니메이션에서 코믹했던 요소들은 다빼고 지루하기 짝이 없음. 특히 말도 안되는 애국심 등등 공감이 안가는 부분이 많음.
1,평점 0점은 없나??내용 산으로 가버렸는데
1,이거 보러가는넘들은 생각이 있는 것들인지 궁금하다. 애들 때문에 보러갔다는 맘충들은 애들 교육에 저딴 중화사상 영화 보여주는거랑 홍콩에서 무슨 일이 있었는지 알려주는것 두가지 중에 뭐가 중요한지 생각좀 했으면 좋겠다...
1,짱깨 선전 영화. 더럽다.
1,디즈니가 잘 못했네  배경이 이쁜거 빼곤 아무 쓸데 없는 영화/ 기쁘나 슬프나 싸우나 주인공 개무표정 ㅋㅋㅋㅋ
1,중국몽들과 조선족이 평점쓰나?
1,중국이 중국한 영화. 베댓말대로 중화사상 범벅에 검열이 엄청나게 들어가서 전투씬도 촌스럽고 이래서 짱/dog 영화를 사람들이 안보는구나 다시한번 느끼게 해준다.
1,이거 보는 사람은 마치 코로시대에 나 하나쯤이야 어떻겠어?  하면서 마스크 안쓰고 다니는 사람같음
1,진짜 너무재미없음보다가뛰쳐나감
1,스케일 어이없을 정도로 작음.. 전쟁신 보며 기가 참. 드라마급 스케일. 전쟁영화도 아니고 그렇다고 디즈니 뮤지컬 영화도 아니고 이게 뭔지 싶음. 동양문화에 대해 몰지각이 대놓고 드러나서 몰입이 안됨. 제작진이 황후...
1,ㅇㅇㅎㅎ하하하호호호 디즈니 실사 내기준 최악
1,저예산영화처럼 등장하는 배우도 적고 씨지도 조잡하고
1,동방불패급 액션과 재미를 기대했는데완전 최악임
1,명작이었던 오리지날 뮬란에게 사과해라 무슨 내 발가락으로 시나리오써도 이것보다는 잘 쓸듯.
1,애니 내용 아는 사람들은 절대로 보면 안됨.마녀랑 왕 존나 어처구니 없고 불사조 멍미 ㅋㅋㅋ뮬란 자아를 찾았는데 감동 재미 전율이 1도 없음 ㅋㅋㅋ  이런 영화를 만드는 감독은 존재할 가치도 없음
1,"디즈니야, 초심 찾아라"
1,디지니영화인데...
1,평점 뭐냐 이거? 개 OOO 던데....돈 아까... 어울리지도 않는 영어나 써대고 말야~망했어...
1,중국은 영화시장에서도 꺼져라 그 명작을 이딴 쓰레기로 만들다니
1,Free hongkong
1,오직 무술영화 하나의 중국만을 위한 영화 같네요 재미도 없고 감동도 없네 시간낭비 했음
1,돈과 시간 아까움
1,중국돈으로 만든 똥같은 영화.
1,"디즈니 애니 골수팬입니다. 아무리 시대가 바뀌었다해서 이름빼고 다 바꾸는건 뭡니까. 라이온킹은 그래도 원작의 느낌을 살리려고나 했지, 이건 ost도 우정도 재미도 없는 그냥 중국 무협 아류작 아님? 이연걸, 견자단,..."
1,감상포인트 추천할수 없어서 참 어려웠다 이거 점수 잘 준 사람들 돈받았나(후비적)
1,개노잼..이거 볼시간에 다른거 봤겠다....이거 본 나자신 반성해
2,그냥 조잡하다제작비는 다 어디로?
1,시국이 이렇다지만 스코어가 안좋네요. 그래도 조국의 영화인데 조선족들 의리있게 많이 봐주셔야겠네요-
1,
1,요즘 논란 아시죵 저런영화는 보면안됩니당
1,잘 포장해도 졸작은 졸작이다
1,뮬란 원작을 모르면 공짜로 본다면시간때우기용으로 볼만함뮬란아빠역 어디서 봤나싶었는데 시진핑닮음
1,노 차이나 No cHINA
1,할말이없다...할말이 없어
2,디즈니 영화 맞아??? 귀요미 용은 왜안나와유머요소 하나도 없고 노래도 없고 내용도 다름중국에서 만든 영화인강
1,공산주의에 찌든 놈들이 만든 영화 공산당인 사람들만 가서 보세요
2,한심한 대한민국  국민들. 전세계가 중국의 신장 위구르와 홍콩을 탄압한 중국을 비판하기 위해 영화관람 보이콧하는데 대한민국만 예매율 1위. 자유대한민국 국민들은 중국에 대항해서 자유와 평화를 지키려는 신장위구르와 홍...
1,개 씨~발 역대급 노잼입니다.전형적인 중국몽이여서 보다가 눈살 찌푸림아 돈버렸다
1,예고부터가 할말이 없다
1,홍콩의 자유화운동을 적극적으로 지지하며 홍콩시위를 조롱한 견자단 짱깨년을 반대합니다!!!!
5,12세 등급이라 그런가 화려한 액션 전투씬은 없습니다.대규모 전투 기대하고 갔었는데 의외이네요 ㅎㅎㅎ디즈니 라서 별 5개 줍니다.12세 눈높이에서 보면 재미있습니다.성인 눈높이 기대하지마세요 ㅋㅋㅋ
8,실사는 나름 잘 구성했는데 내용이 좀 아쉽다
10,전 재미있었어요! 하도 외부적으로 비판이 많아서 기대를 안하고 봐서 그런지 몰라도 상당히 괜찮던데요.
10,딸아이랑 너무 재밌게 잘 봤습니다
10,역시 평점은 100% 못 믿음. 전 완전 재밌게 봤네요.
1,킬링 타임의 타임이 아까워지는 영화  디즈니를 믿지 마시길 그냥 짱깨 영화
1,중공이 왜 망해야 하는지 보여주는 영화
1,아놔 장난하나... 이거 볼 시간에 잠을 잤더라면 피로도 풀리고 훨씬 더 기분 좋았을 걸...
1,
1,이딴걸또보고  평점달고있는 ㅎ.ㄱ들은뭐냐  ㅉㅉ
1,이런 OOO는 만들지 마라
1,스토리허접. 돈주고안보길잘했다.
1,하...0점이 없어..
1,뮬란 본연의 매력은 다버리고 무협 판타지로 만들어버림
1,이딴 쓰레기가 8점이나 되는걸 보니 알바가 있긴 한가보네.
1,짱개알바들아 돈버느라 애쓴다
1,이딴 영화가 8점대? 알바가 진짜 있긴 있구나
2,기대는 1도 안 하고 봤는데도 개그영화인줄.. 대충 넘어가는 스토리에 개연성 부족한 주변 캐릭터들. 어이없어서 웃게 됨
1,"보이콧은 모르겠고 디즈니 실사판인 점 하나 믿고 봤었는데 애니와 많은 비교가 되는 영화였습니다. 각자 주관적인 평이 나올 수 있으나, 저는 좋은 평가를 주기는 어려웠네요."
1,디즈니... 이렇게 밖에 못만드나? 적어도 뮬란인데ㅠㅠㅠㅠ
1,리플렉션 이따구로 쓰지말라고...중국에서 만든 변기통 쳐다보는 기분이었네...원작에 대한 존경이라곤 1도 없는 영상물..
1,개연성 부족에 시간아까움ㅋㅋ 유역비 거르고도 노잼쓰
2,와.. 이 영화를 이렇게 만들다니. 진짜 망작 오브 망작. 호흡이 너~~~무 느린데 감독이 동양에 대해 가진 이해안되는 환상이 너무 반영되어있는 듯한 영상미. 오히려 애니가 말이 될거 같은 개연성. 페미적 요소를 너...
2,"동양고전을 영어권 감독이 구현했다는데서 실망했고, 영어대사 하나하나 진짜 동양적인 느낌 정말 못살렸다는 생각이 들더군요. 마지막으로 효를 devotion to family라고 표현하던데 엉망진창 내용과 더불어 환장의..."
1,"네이버 알바 역겹네... 딱 검색했을때 눈에보이는 평점은 8.15 관람객 평점인데...  네티즌 보다 관람객 모수가 적을 수 밖에 없으니까, 관람객 평점으로 알바질 하고 검색할 때 그 평점 부터 띄우게 해놨나 보네"
1,개인적으로는 완전 실망스러움.... 뮬란도 뮬란이지만 샹장군... ㅜㅜ 샹장군이 없엉.... 그리고 남주도 너무 실망스러워 ㅜㅜ 여러분 뮬란은 역시 실사말고 애니가 최곱니다. 애니만 보세요 엉엉엉.. 실망실망 대실망...
1,연출 연기 모두 우수하였습니다너무기대했던영화인데 실망감없이 아주만족해요이따위 감상평 누가봐도 알바아니냐?? 교과서보고씀???
1,타이완 넘버 원 프리 티베트
1,조선족 중국간첩들만이 후한점수 테러하고 있는듯
1,와 이걸 23만명이나 봤다고 ..??부끄럽다
1,기대가 너무 컸나 원작 스토리 재밌는 부분 다 날리고 개연성 떨어지게 스토리 흘러가고.. 정말 기다렸던 영화인데 디즈니 맞나 싶을 정도
2,능동적이고 노력해서 성공하는 여성의 모습을 보여주던 원작의 모습을...그냥 능력좋고 재능좋고 빽좋으면 성공하는 여성이라고 바꾼느낌이 ...가득하네여 전달하려고 한 내용이 여성은 성공할 수 있다 이런거라면..원작 내용...
4,디즈니 실사영화 특유의 과한 무난함이 갈팡질팡하는 지향점을 만나 탄생한 실패작.
1,유역비 발언 때문에 보이콧 애기가 있던데 굳이 보이콧 필요 없을듯재미 없어 안볼듯제작비 엄청 들었다던데북방 오랑캐와의 전쟁씬에 사람100 명도 안나옴드라마도 이것보다 사람 많이 나오겠다마지막 엔딩 장면이 화룡점정임억...
1,"연기도, 연출도, 스토리도, 개연성도.... 뭐지? 이게 디즈니 라고?"
2,완전 별로 보지마세요..
2,디즈니 정말 실망이네요.... 안볼랍니다
1,크 스토리 산으로가는 차이나머니를 먹으면 어떻게 싸구려 촌티나는 작품이되는지 알게되는 영화
2,차라리 뮬란이라 하지 말지...내용 꽝에 막판 나온 왕이....ㅎㄷㄷㄷ그냥 주구장창 노래나 불러대던지누구 생각에서 나왔는지 디즈니 실사판 중에 젤꽝...뮬란:전사의 귀환이 더 잼나다 ㅋㅋㅋㅋ
1,디즈니ㅠㅠ실망스럽군요
1,디즈니가 망할때가 된거다! 스타워즈도 건드려서 최고의 망작으로 만들더니 뮬란? 이건 뭐 할말이 없다!
2,디즈니빠들이 몰려왔구나 그래봤자 별로인걸 가릴순없지
1,전형적인 중화주의 영화재미도 없고 감동도 없고 ㅉㅉ
2,할리우드에서 비싸게 만든 무협지
2,휴그냥 폐기물급영화노답전개에 되도않는 연출걍 쓰레기
2,코로나를 선물한 중국인민들에게 감사를 표합니다
4,원작 생각하고 보면 실망합니다2020년작인데 1998년작 발에도 못미치고디즈니 영화인데 중국영화 그 특유의 감성이 많이 반영됨;; 그리고 유역비랑 공리... 생각보다 연기 별로여서 좀 놀랐어요 영화내내 표정연기가 한...
4,
1,이렇게 재미없을수가..스토리도 너무 자연스럽지않고 멋지지도않은..하ㅜㅜ
6,우선 ost가 없어서 아쉬움. 전반적으로는 재미있으나 디즈니라기보다는 중국 무협액션에 가까워서 이게 디즈니 영화인지 잊고 보게되는 것 같음...;;
6,메세지는 알겠다만 차 떼고 포 떼니 남는 건 기를 타고난 효녀와 주작 뿐
8,
6,"뮬란 즉 화목란 주제로 영화가 여러편 만들어졌다. 기존 역사 이야기가 전혀다르고 마녀, 무당 환타지 및 신화적 요소에만 치우쳤다.  의복, 군사복장, 마을, 왕궁 역사적 고증과 전혀 무관하다. 유역비, 견자단, 이연..."
5,이거 볼 시간에 애니를 한 번 더 봄
4,디즈니 영화중에 제일 별로.. 볼만은 했지만 원래 뮬란이랑 내용도 조금 다르고 캐릭터도 바뀌고 제일 중요한 ost도 영화에선 안나오고ㅠㅜ 코로나로 인해 개봉 연기되는것도 존버하면서 기다렸는데 그 보람이 사라진것 같아...
4,10년전에  본  조미주연의  중국판 화목란이  훨씬  재밌네요.  이건  뭐  개연성도 떨어지고  전개도  이상하고...
10,
5,글쎄..유역비가 뭘 잘못했고 그런걸 다 떠나서 디즈니 영화 치곤 실망스러웠다
4,이게 진짜 8점대라고?액션은 진짜 빵점유명 중화권배우 데려다 갑옷 분장으로 난쟁이 만들어놓고아시아인들 제스처가 아닌 연기스타일음... 뭐랄까 돈내서 보고는 있지만 보고싶지않은 맘이 충만한데 원작을 못봐서 결말은 보고...
1,OOO기 영화 뮬란을 망친 여주인공 배우 극혐. 스토리 연출도 토약질 나옴여배우가 홍콩인권탄압하고 무고한 시민들 다치게 만드는 공산당 중국 정부 경찰 찬양할 때부터 알아봤다. 인생 최악의 영화
1,애니메이션 뮬란에게 중요한 요소들을 다 빼버린 느낌 지나친 pc주의와 중국 눈치보기에 바쁜 디즈니가 뮬란을 망쳤다
2,놀랍도록 재미 없어 할말이 없다
2,잘 만들어진 ip를 걸레짝처럼 밞은 뒤 불 태워버린 작품
1,촬영지도 그렇고 홍콩경찰 지지하는 유역비 나와서 역겨우니깐 안보겠음
2,시간 돈 모든게 아깝다.
2,ㅁㄴㅇㄹ
1,
5,배우도 유역비 말고 아콰피나가 더 잘 어울렸을거 같은데 ..
1,차라리 명작 애니메이션을 두번 보시는것이 낫다고 생각합니다. 디즈니 실사화 중 최악의 졸작.
1,"박평식 평론ㅋㅋㅋㅋ 이물감, 화려한 찌꺼기 박평식 평론중에 제일 맘에 든다"
1,"진짜 실망임 마녀도 이해안가고, 캐릭터가 너무 평면적임"
1,원작 애니메이션의 감동을 와장창 다 부셔버린 영화
1,너무 너무 너무 재미 없음!!
1,노래 없고 명장면 없고 남주 없고 악당 바뀌고 이야기에서 큰 역할을 하는 캐릭터도 없고 배경 자체가 다름 에휴 왜만들었냐
1,ㅋㅋㅋ영화보면서 너무 얼탱이가 없어서 여러번이나 웃었다ㅋㅋ 절대 돈주고 보지마라ㅋㅋㅋ 진짜 부탁한다 제발 이딴 쓰레기 영화에 돈 갖다바치지마라. 내가 알던 디즈니 뮬란 애니메이션이 아니다. 그냥 초딩용 중국 판타지 ...
1,관람객평점 주작하냐? ㅋㅋㅋ 어휴
1,진짜 연기 뭐냐고 시종일관 로봇이 연기하는거임? 척도 적당히해야지 추억의 뮬란의 입체적인 주인공 어디갔냐고 멋있는 척하면 다 멋있음???
7,뮬란 노래 참 좋은데... 알고 봤지만 여전히 아쉽네요. 왜그런지 화살이 기억에 남네요
6,보신 다음 악평하지 마시고 그냥 보지마세요!
6,노래 하나는 건졌네영ㅋㅋㅋ
9,딸아이랑 재밌게 보고 왔습니다~
8,걱정이 많았는데 막상 까보니 나쁘진 않더라구요
8,공리는 나이먹어두 넘 카리스마 넘치고 멋있더라
6,진짜 마니줘서 별3개 디지니영화아니라고 생각하면 별3개에 볼만함
9,저는 정말 재미있게 봤습니다~!!!
7,영상은 화려하고 중국 색감이 예뻤음. 디즈니라 기대했던 OST는 전혀 돋보이지 않음. 중간중간 개연성 똥망...ㅠㅠ 취향이지만 남주 외모에 안 끌림. 만화보다 오그라드는 설정...(마지막에 뮬란 등 뒤로 피닉스 날개...
7,어릴적 보던 애니메이션이랑은 또 다른 느낌
8,스케일은 진짜 미쳤더라.. 역시 디즈니였어
5,"진짜 원작파괴인데 이건.. 리메이크라 해놓고 원작의 좋은 요소, 좋은 장면은 다빼버렸음 코로나, 위구르지역문제 등 외적 문제 다 논외로 치고 봐도 영화자체가 별로.."
6,원작 스토리를 따라가나 뮬란의 영웅적 성향만을 강조한 영화같아 아쉬움.등장인물간의 케미가.. 너무나 아쉬움.
1,정말 8점때 맞나요? 초능력 뮬란이라니.. 동양의 기를 알지도모르는 서양인이 표현한  스타워즈 포스..  뮬란은 원작에서도 힘으로 상대를 제압하는 캐릭터가아닌데..  영화 제아이제인 안봤냐 이것드라.. 알라딘으로 감...
4,영어로 하니 뭔가 이상함...중국어로 해서 번역하지....
2,중국 홍보용 영화는 온전한 창작물이 아니다.
9,헐 기대 안했는데 잼나여ㅠㅠㅠ
7,원작만큼 노래가 많이 나오지 않는게 좀 아쉽다ㅜ
7,새로운 캐릭터였던 시아니앙이 눈에 띄엇어요~
6,음악이 많이 안나와서 아쉬워요ㅠㅠㅠ
9,말이 많긴해도 보고싶었던 영화라 보고 왔어용ㅋㅋ 결론은 재밌습니당!
7,원작과 바뀐점을 찾아가면서 보는 재미도 쏠쏠하구마
10,중국산 뮬란볼바엔...
7,킬링타임은 된다.
6,그래도 중간중간 디즈니 냄새가!!ㅋㅋㅋ
1,이런 영화..뭐 할말도 없다.
1,주인공들 이슈를 배제하고 시간 때우기 용으로도 형편없는 영화.관객 평가가 8.0+ 인게 너무 신기함.조작질 해놓은것 같다는 의구심이 강력하게 듬.
1,중국의 더러운 입김
1,하..
1,홍콩 대만을 응원합니다.
1,걍 지들 중국에서 돈벌려고 만든영화
1,"역사 왜곡, 고증 엉망, 더러운 중화 사상"
1,중국 공산당이 시러요. 굳이 보지말자!
1,진짜 밑에 ㅉㄲ알바들 매크로 돌리는거 역겹다ㅋㅋㅋ
1,응~공산당빨갱이영화반별이나 쳐먹어~
1,스케일도 작고 내용도 산으로 가고..pc의 말로를 제대로 보여주는 영화
1,정의로움을 위해 홍콩놈들을 처단한다! - 유역비 물란.
1,최악.. 돈낭비하지 마세요.. 이 댓글은 당신의 지갑을  지켜드립니다..
1,X냄새가 펄펄나는 짱게모방영화.. 딱 그 수준이고만..
1,엄복동>뮬란디워>뮬란7광구>뮬란성냥팔이 소녀의 재림=뮬란걸캅스=뮬란
1,디즈니 실망.
1,"허접한 액션, 늘어지는 스토리, 과도한 pc가 한데 뒤섞인 원작의 반 만큼도 따라가지 못한 졸작."
1,이거 평점 왜높은거냐... 진짜 더럽게 노잼인데.. 중국물 맥이면 디즈니도 장사없구나 싶었다. 그래도 애니메이션은 재밌게 봤었는데.. 스토리도 이상하고 감동도 없음.
1,평점이 8점 넘는거 네이버 도대체 어떻게 한짓이냐 ㅋㅋㅋ 중국한테 돈받고 평점 올려준건가... 말이 안되는 평점인데 아무리봐도?...
1,보다말고 도중에 나왔음 완전똥이에요
1,"진짜 영화보다가 열받음..망작임,마녀가 주인공이라니,스토리가 산으로 갔어"
1,중국자본과 서구권의 동양에대한 잘못된 인식이 이런 괴작을 만들었다
1,뮬란의 마스코트 무슈도 없고 reflection 이나 I’ll make a man out of you 같은 OST도 없고 개봉 전 논란도 많고 영화 전개에서는 뮬란의 성장보다 처음부터 슈퍼파워를 가진 주인공으로 나와...
1,신비롭다
1,여러분 이거 뮬란 아님 중국 무협 영화임 중국 무협 영화 보고 싶다면 추천
3,테넷을 한번더 볼 걸...
1,
2,중국 공산당 고맙습니다.
7,여자 캐릭터로 너무나 마음에 드는 뮬란ㅎㅎ
9,진짜 기억에 남는 명장면들도 많고 대사 하나하나 깨알;; 볼까 말까 했는데 보길 잘한듯
1,50대 조선족 알바가 많아
2,"노래? 없음/귀여운 캐릭터? 없음/스토리? 완전 다름/....이름만 뮬란이고 그냥 cg 남발 중국 무협영화...중국의 압박과 페미니즘을 부르짖으려는 열망이 만들어낸 괴작일뿐,,,,   이렇게 만들거면 아예 만들지 말..."
4,아니.. 뮬란를 무슨 중국무협영화로 만들어놧냐 .. 노답..
1,"디즈니 실사화가 순조롭게 이루어지다가 여기서 멈추는군요원작 뮬란은 개연성, 교훈 등 정말 훌륭했지만 이번 실사화는'원작을 이렇게 망칠수있구나' 라고 느꼈습니다그리고 평점 알바 하지마세요"
1,원작하고 너무 달라요...
1,올해 최악의 영화. 네이버 평점은 조작이라고 믿게된 영화.
4,정말.. 유역비 얼굴빼고 볼 게 없다.. 디즈니 뭐하냐 .. 제작진 바뀜????
1,홍콩 문제등을 떠나서 영화자체가 존나 재미없음. 개연성도 없고 디즈니특유 음악도 부족함. 걍 원작 애니메이션영화가 훨씬 재밌음.
1,쓰레기....돈이아깝다
1,진짜 어떻게 하면 영화가 저렇게 나올까개인적으로 제일 기대했었는데 배신감이 너무크다
1,아직도 와호장룡 같은 경공쓰고 날라다니는게 통할꺼라고 생각했다니 중국몽 제대로네요
2,첨으로 평점 줬습니다 디즈니 영화를 3류 무협 영화로 만들어 버렸네요
4,이참에 중국 손절하자ㅋㅋㅋㅋ
2,이따구로 만드냐 어떻게?
2,"서양인 감독의 눈에 비친 오리엔탈리즘 , 디즈니의 정체성을 잃은 무협액션판타지(관람포인트를 고르라하는데 저 5개 모두 맘에 안든다)"
1,
2,Mulan boycott.
2,남자지만 최애 디즈니 만화였던뮬란을 왜 이따구로만들었는지화살을 발로차거나 날라오는 화살을 손으로잡는유치뽕짝 중국감성이 별로였음영화내내 진실함을 강조하는데 우한폐렴 숨기는짱개 이미지랑 안맞아서 웃겼음알라딘 라이언킹 실...
2,핵노잼 너무 실망스럽고 돈이아깝다이렇게도 영화를 망칠수있구나를 보았다원작이나 다시봐야겠다
1,"영화는 그저 헐리웃이 최고다 한국이나 짱깨나 배우들 연기력도 전부 수준 낮고 개가튼 끼워 넣기 스토리 신물난다 증말, 근데 짱깨들 유역비가 진짜 배우긴한가? 전지현 연기력하고 도찐개찐이네 아~전지현도 짱깨지.. 깜빡..."
2,애니메이션 기대하고보지 마세요.. 뮬란을 완전 초인으로 만들어놓음. 벽을타고 지붕위를 날라다니질않나 무슨 화살을 발차기로 쏘질않나.. 개연성 무엇?... 애니메이션 그대로 다시 리메이크해줬으면...ㅠㅠ내가원하는 뮬란...
2,말이 되게 좀 만들어라 실망이다 진짜 중국스럽다 내가 알던 뮬란이 아니라 이 영화를보고 느낀게 중국을위해 허구로 억지로 만들어낸 전설이구나  이거다
1,"원작을 어떻게 재현했을지 기대한 나도 잤고, 중국 액션 무술영화를 기대한 우리아빠도 잤다."
4,흥행 못해도 코로나 탓하지 마라.  오히려 코로나가 티켓값 아껴준거다.
3,영화는 중국의 손에 맡기면 안된다.
2,원작이랑 똑같이 만들수 없었나? 왜이렇게 각색을 많이 한건지... 감정선이 뚝뚝 끊키고 편집도 뚝뚝 끊키고... 차라리 ost라도 넣었더라면 디즈니 영화 본 느낌이라도 날텐데... 이건 뭐 ㅠㅠ 만화영화 원작의 발끝...
4,디즈니 느낌 없는 중국드라마
2,내가 본 게 중국영화인지 디즈니영화인지...
2,이게 중국 무협 영화지 디즈니 영화?디즈니에서 만든 영화라고 홍보 안하면 누가 디즈니 영화라고 알까?
6,하..기대했던영화인데 매우실망
2,디즈니라서 봤는데 실망
1,그냥 애니메이션뮬란보세요....
1,이걸 왜봐야하는지...못느낌...
6,그냥 오랜만에 중국 액션영화 보고싶다면 추천 디즈니영화느낌은 1도안남
6,2009년 개봉한 조미 주연의 뮬란(전사의 귀환) 이 디즈니 뮬란보고 명작이란걸 알게되었다 더군다니 중국판 뮬란이 또 나왔던데  그건 머...더 할 말을 잊었다;;;
1,"디즈니도 알바쓰냐,,, 실망"
2,진짜 알바들이 있긴 있구나 무서울정도다 이정도면;; 다 조선족들인가?
1,홍콩시위대를 폭력진압한 홍콩 경찰을 옹호한 유역비! 코로나의 원흉 중국자본이 들어간 영화
1,진짜 별로 입니다...;; 여기 뮬란은 애니에서의 뮬란이 아닌 그냥 무협 영화의 뮬란입니다 비현실적인 무협영화를 진짜 싫어하는데... 보는 내내 비현실감 ... 애니의 뮬란은 여자로서의 사회적인 메세지나 남녀평등이라...
1,"왜 -10점은 없는거죠? 이걸 영화라고 만든건지 중국뽕 취해보십쇼 라고 만든건지,디즈니도 차이나머니에는 어쩔수 없나보네요 절대 보지마십쇼"
4,"이건 뭐 미국 영화도 아니고, 일본 영화도 아니고, 중국 영화도 아닌 잡탕 영화"
1,알바 너무 많다...흐음
1,공산당과 함께하는 생쥐
1,인간적으로 민주시민이라면 적어도 이건 보지 말자...꼭 보려면 나중에 집에서...
1,디즈니 영화중 최악 베스트인듯 ㅎ
1,중국머니 영화는 그만. 이런 영화가 예매율 2위라니.. ㅉㅉ
1,Free Hong Kong
1,유역비의 무표정을 보고 있으니 몰입하기가 힘들었습니다. 그나마 귀뚤이는 나와서 좋았네요
2,영화파일 풀렸다 그냥 다운로드
1,
2,보지맙시다 여러분.  의식을 갖고 삽시다 모두.
1,기대이하인거 같아요 ㅠ 생각보다 ㅠㅠ
1,중국 무협 영화보다도 못하다
1,보이콧+개 노잼 디즈니에서 중국 코인 빨아먹을려고 대충 만든 허접영화
1,신장위구르탄압하는 중국을 옹호한 유역비는 사라져라!
1,개돼지들이 많으니깐 디즈니가 정신을 못 차리지
1,"장면 하나하나는 아름답지만 그 외의 모든 것은 별로임.OST는 빠졌고, 애니내용을 너무 각색한데다 스토리전개가 무척 엉성함. 살다살다 디즈니영화가 이렇게 지루해본 적은 처음임. 게다가 서양감독이라 그런지 오리엔탈리즘..."
2,유역비와 중국 공산당의 쓰레기 영화 보이콧
1,짱깨는 그냥 손절이 답임.
2,진심 ㅈ도  재미 없다 토렌으로 봤는데도 시간아까워  죽는줄 알았다 만화 뮬란의 감동과 재미를 기대한다면  ㅋㅋ 이름만 같고 전혀 다른 영화다 이거 재밌다는 인간들은 한국 거주하는 ㅈ선족과 중국 유학생들 뿐일꺼다
1,이걸본다고??? 이시국에 다단하군...
1,
3,논란거리  빼고도 영화를 참 재미없게 만들었다. 디즈니 이름을 걸고 어떻게 이런 재미없는 영화가 나오지 너무 신기하네
2,위구르족 200만명이 중국 수용소에 강제 수용되어 착취를 당하고 있는데 당신들은 이 영화를 보고싶은가? 불과 몇OO 전 일제감정하에 겪은 고통과 똑같은 고통을 겪고있는 위구르족이 불쌍하지도 않은가? 불과 몇OO 전 ...
1,디즈니가 왜 이런 영화를 만들었는지 이해가 안 감. 그냥 돈이 좋은 건가?
1,1점주기도 아까운 개망작 중에 개망작
1,진짜 1점도 주기 아깝...
1,"미녀와 야수 , 알라딘 과는 다르게 원작반영 조금도 안되어 있음 또 위구르 소수민족 탄압,엉터리 고증 그리고 엉성한 전투씬 까지 그냥 흔하디 흔한 중국무협 영화 그 이상도 아니였다."
6,원작이랑 너무 다른 느낌. 많이 부족. 특히 스토리.. 끝나기도 전에 휙휙 넘어가버리는 장면들.. 마녀 존재에 대한 의문감.. 뮬란의 청담 헤어샵 웨이브...액션 연기는 좋지만 감정씬은 크흠.. 전체적으로 액션씬만 ...
1,안봤지만 1점 드릴게요
1,이걸 보러가는 중국몽 함께하는 친구가 몇명일지 알아보자
1,뮬란에게 물리다니 뮬란에게 물리다니
1,에휴에휴에휴에휴에휴
1,중국 영화본다고 코로나는 안걸리겠죠?
1,감동지수같은 얘기하네
1,내가알던 디즈니의 물란은 말그대로 쇼크 같은 캐릭터였다 디즈니 에서 최초로 동양인이 주인공을 하였고 타 애니의 공주들과는 달리 자신의 꿈은 자신이 이루는 말그대로 신여성 그 자체 그야말로 시대를 역행한 캐릭터였다. ...
1,무엇을 상상하든 그 이하
1,역시 중국 대단해! 어쩜 그러냨ㅋㅋ
4,중국 무협영화 한편본느낌이고내가알던 원작 뮬란은 없어..ㅠㅠ
4,케릭터간의 단절을 불러 일으킬 만큼  과도한 편집이  이 영화를 망첬다고 봅니다.   기대가  컸었는데  너무 안타깝습니다.     언젠가  감독판으로  나온다면  다시 보고 싶어요
1,쓰레기영화 #BOYCOTTMULAN
4,실사의 의미가 없는 각색과 의도.
4,다 떠나서 재미가 없어요
1,도저히 이영화에게 1점이상을 줄수가없다
9,보이콧을 떠나 영화적으로 역시 디즈니네요. 스팩타클과 액션 소품 의상 등 나무랄데가 없고 자막이 끝나는 마지막까지 아름다운 OST가 내맘을 사로잡던 영화. 이수현의 숨겨진 내모습 노래가 귓가에 맴돌아 바로 다운받았습...
1,"""이물감, 화려한 찌꺼기"" 박평식 의견에 공감하는 날이 올 줄이야.."
2,뜨레기 영화 .. 보지마
1,Let it go 없는 겨울왕국. 내 명곡들 돌려주세요ㅠ
1,단점은 장점이 없다는거고 장점은 없어
6,성인용 디즈니 실사화라지만 조금 더 뮬란이라는 캐릭터에 감정이입할 수 있는 드라마틱한 연출이 있었으면 좋지 않았을까. 주연이나 조연이나 다 무의미하게 소모되는 느낌이 강했음.
1,중국뭍음 최악임 천멸중공
1,전세계인의 동심을 중국한테 가져다 팔아버린 디즈니.네이버 조작평점 말고 다음 평점을 참고하세요 여러분.
1,"원작을 어떻게 망작으로 만들수있어 ...스토리개연성, 액션, 무엇하나 볼게 없네"
1,와.... 진짜 할말이 없이 핵노잼입니다
2,뮬란의 업적은 영화에 중국자본이 들어가면 이렇게까지도 말아먹을수 있다는것을 전세계에 알려준 것.
4,개실망 진짜 아무리 원작을 뛰어넘을 수 없다지만 이렇게 망치기도 쉽지않다
4,전격 디즈니의 중국몽...
2,영화봐서 죄송합니다. 아버지가 꼭 같이 보고싶다 하셔서.... Free Wigur Free Tibet Free HK
1,이런 영화는 앞으로 안나왔음 좋겠다
2,
1,참 쓰레기 같다.. 내시간 내놔!!!!$$$#$#%#@#
2,기대이하의 영화 .  돈주고 보기가 아까움.
1,누구를 대상으로 만든 영화인지 몰라도 디즈니의 명성을 스스로 포기한 대표적인 영화
3,진짜 페미니즘 애니를 페미가 쓰레기로 만들어 놓음
1,빨갱이 문재인 대통령이 지지하는 영화입니다.
1,중국발 묻으면뭐든지 망한다 라는걸 아주 잘보여줌 중국발짱깨코로나 미세먼저 영화
1,"대단하다....돈,시간..아깝다"
1,위구르 탄압과 중국을 지지하는 영화입니다 참고하세요
8,애매한게 젤 안좋은거 같은데...중국 배경에 중국계 배우들도 많았지만 가장중요한 대사가 영어라서 배우들 연기도 좀 어색했음.아시안이 아니면 이해하기 힘든 부분을 영역하고 그걸 또 한역하니깐 또 어색함... 특히 마지...
2,신장위구르 안타깝네요
2,관람객평점은 중국간첩들의 힘임.
1,연기도 어색하고내가 알던 뮬란이 맞나 싶을 정도로판타지물이 되어버렸음
6,뮬란 캐릭터는 너무 좋다
1,정말로 정말로 욕나온다. 아버지가 닮았다 시진핑이랑
1,인간적으로 이런 영화는 보이콧해야지 왜보냐
2,안 본사람들이 평점준거 아닌가요? 8점?
2,Free Hong Kong
2,"테넷보고난후-""와..내가 지금 뭘본거야?..""+ㅇ+뮬란보고난후-""와..내가 지금 뭘본거야?,""ㅡ_ㅡ?이런느낌"
1,이딴 쓰레기 영화 보는 사람들은 중국인들인가 디즈니가 이번을 기회로 망해서 정신 차렸으면 한다
1,진짜 너무 재미없었다... 디즈니 왝으래.... 그래도 지금까진 실사판도 재밌었잖아...
1,개돼지들 많구나 ~ ~~
2,반도 수준임... 반도는 볼거리라도 있지... 이건 볼것도 없음
2,중궈련들 예술파괴..
3,"소문난 잔치에 먹을게 없더라~~특히, 마녀와 왕의 캐릭터는 왜 등장  시겼는지 싶을정도로 아쉬움이 남았다"
4,중국 무협 영화 그 이상 그 이하도 아님
2,배우들 연기는 괜찮는데..각본이나.. 촬영기법이나.. 액션신이나 아주 조잡함... 그냥 견자단이나 이연결 배우빨 액션 말고는 볼게 없음..제일 문제는 감독의 지금 까지의 필모그래피을 보아라... 이런 대작 건드릴만한...
2,미쳤나??진짜 디즈니덕후라고 자부하고 정치적 올바름 그런거 안따지고 .. 이건 구린 영화다. 상영중단하고 지금이라도 다시 만드는게 디즈니 가문을 위하는 길임.
5,영어로 하는 줃국영화. 디즈니라서 기대했는데 별루....
1,세상에 이렇게 만들다니
1,친중 짱깨영화 보이콧 합니다. 디즈니 이번에 정말 실망이에요
1,영화에 중국냄새 나니 치워라..
1,2점 이상 준 사람들은 다 알바야?원작만 그대로 했어도 5점을 받을텐데
1,아!! 알바가 진짜로 있었구나!!!
3,이 정도면 원작을 농락하는 꼴.
1,진짜 재미없고 시간만 날렸어요;; 차라리 나문희가 재밌네요
1,"각색 1도 없이 갖고 온 단순한 스토리(뮬란이 아버지를 대신해 전쟁에 나가서 황제를 구한다 끝.) 유역비의 허접한 연기력, 디즈니 실사화 특유의 뮤지컬을 없앰으로써 떨어지는 영화적 재미, 간간히 보이는 허접한 개연성..."
1,디즈니의 짱개몽ㅋ
1,홍콩 경찰을 두둔하는 유역비를 거부한다~~
10,"난 겁나 재밌게 봄, 신파요소도 약하고, 연기 영상미 ost 다 좋았음. 스토리를 2시간 안에 담아내는것이 버거워보여 아쉬웠지만(2시간보다 더 길었다면 좋았을텐뎅) 그래도 정말 재밌게 봤음."
10,저는 진짜 재밌게봤네요!
1,핵망했네요... 망작도 이런망작이 있을수가..
1,쓰레기 영화임 그냥 원작 재현만 했어도 흥행은 보장이었을텐데 이해가 안됨 ㄹㅇ
1,이거 보고 재미있다는 사람 비정상이거 보고 욕하는 사람 정상
1,이연걸을 오랫만에 본거 말고는 별 감흥 없음...
1,ㅋㅋ이걸 왜봐 ㄹㅇ 뮬란여주가 홍콩사람들 중국경찰이 무자비하게 때리고 탄압할때 나는 중국경찰을 지지하고 홍콩사람들 부끄럽게 여기라는 글 썼는데 이걸 본다는자체가 개돼지 인증이지 영화 뮬란 여주지만 현실 뮬란 여주가 ...
1,프리 홍콩 입니다 중국몽 아웃
1,프리홍콩 프리위구르 보이콧
1,free hongkong
1,이걸 굳이 쳐 보는 놈들은 뭐냐?짱개냐?
1,"스타워즈: 라스트제다이, 스타워즈: 라이즈 오브 스카이워커의 로즈가 그나마 스토리 더 잘풀어 낸듯....;;;"
1,이런 영화를 왜 보냐 그냥 중국산 쓰레기
1,평소에 PC부르짖던 디즈니가 정작 신장위구르에서 원주민들이 원주민들이 생체실험 당하고 있다는거에는 침묵 + 촬영 장소 빌려줘서 중국 정부에 고맙다고 인사까지 하네 ㅋㅋ 홍콩 문제 터졌을 때도 평소같으면 트위터로 별 ...
1,이걸보는 사람들이 있네 대단하다 K-관객
1,이거 본 사람들이 이해가 안간다
2,재밋다고?ㅋㅋㅋㅋ 별점 5점 이상 준 사람중 공리가 유역비대신 죽어준 이유 납득할수있게 설명할수 있음? 이게 디즈니꺼라는게 최대충격
2,쓰레기가 만든 쓰레기 영화
1,중국인은 사람의 모양을 한 바퀴벌레다
1,시진핑이 좋은일시킬일 있나? 대깨문들이나 쳐보거라
1,아니 홍공경찰 지지한건 잘못한건 맞는데 캐스팅이.. 중국에 사람이 그렇게 많은데 남주를 좀 더 외모 좋은 사람 뽑을 순 없었니
2,
1,이로서 댓글 알바가 존재한다는 사실이 입증되었다
1,Chinese are disgusting
1,전지현이 맡았으면 훨씬 잘어울렸을듯..
1,ㅋㅋ 50명 아무리 코로나 라지만 개 적내 뮬란은 거르자
1,전세계 어린이 꿈과희망이여야 하는 디즈니 소수민족과 홍콩 어린이  꿈과희망을짓 밟은 개쓴레기 영화
1,그냥 애니메이션대로만 만드는게 그렇게 어렵냐..  그리고 아무리 재밌었더라도 출연진때문에 절대 안봄
1,배뎃들은다1~2점인데 총평점이8.11점이야 ㅋㅋㅋ 알바니?조작이니?
2,
1,돈아까움ㄹㅇ 왜보는지 모르겠음
4,"알맹이는 없고, 껍데기만 남았다"
1,중반까진 멀쩡히 가다가 중반이후 코메디로 변해버림. 아들이랑 보다가 어이없는 장면에 너무 웃어서 눈물이남.
1,10년전 주윤발 나온 홍콩영화보다 퇴보한 영화. 이걸 영화라고.절대 절대 보지마세요.1점도 아깝다.
1,
10,평점이 안좋아서 반신반의 했는데 엥 전 디즈니 그대로 해석 잘했다고 생각하고 유역비도 너무 예쁘고 정말 재밌었어요 역시 뮬란.. 감동적임
1,디즈니도 별수 없네. 중국영화 만드니까 수준도 중국수준이 됐네...
8,최종보스와 뮬란의 격투장면이 너무 맥없이 끝나서 아쉬웠어요...디즈니 특유의 영상미와 스케일은 좋았어요.너무 많은 이야기를 두시간에 함축할려니 이야기의 원만한 전개를 못한것이...2편으로 나뉘어 찍었으면 하는 아쉬...
1,"한마디로 폭망 영화, 디즈니는 이런 영화 만들려고 다시는 생각하지 마라"
1,중국자본이 망쳐놓은 작품
2,평점이 갑자기 8로 올라간건 대놓고 알바쓴거 인증하는거지? 인권탄압을 옹호하는 영화는 상영 될 가치가 없다
2,중국풍 디즈니영화를 기대하고봤는데 그냥 중국영화...원작이 만화인데 만화보다 유치함....
1,희대의 개노잼 일단  주인공부터 안 어울림
10,
4,잔잔해요....한마디로 재미없어요 아이들이 보기엔 괜찮을 것 같기도
6,"원래 이런느낌 영화를 좋아하시는 분들이라면 봐도 괜찮을 듯 합니다. 그러나 원래 이런장르 좋아하지 않는 분들은 지루할 수 도 있겠네요. (좋아하는 저도 엄청 재밌게 보진 않았어요) 비하하는 건 아니고, 극장도 아니고..."
10,
1,안보시는걸 추천합니다.
2,디즈니는 ost가 생명인디 그게 한 번도 안나오는게 말이 됨?
1,에이퉤퉷 드릅게 재미없네!
1,NOT MY MULAN
1,내가 아는 뮬란이랑 좀 달라서 볼떄 뭐지..하면서 봄
1,칼싸움 하는데 피한방울 안나고.
2,아 ㅅㅂ 당했네어떤 ㅅㅋ가 8점 줬냐중공에서도 평점 5.9더만
1,우.와.정.말.재.미.있.는.걸?
3,영화 외적인 요소가 문제가 아니다.영상미도 허접하다. 중국 무협 영화를 기대한다면 좋은 점수를 줄 수 있다. 하지만 난 디즈니의 실사화 영화를 보고싶었다.실사화 영화가 아니라 그냥 뮬란 이라는 무협 영화를 한편 찍었...
4,"그냥 중국무협영화고요... 뮬란 배경설정부터가 완전 다르고 멀리서 대역,cg쓸 때랑 가까이서 주인공 나올 때 너무 달라서 몰입 겁나 깨지고 그냥 돈 주고 본 제가 잘못입니다."
1,
1,Worse worse worst
1,"믿고 거르는 짱깨 ㅎㅎ디즈니야 돈이 그렇게 좋더냐? 관객수 봐라 ㅎㅎ 인권탑압의 본거지인 위구르 자치구에 가서 촬영하고 그 감사인사를 중국 공안한테 했다고? 졸라 웃기네 ㅎㅎ 디즈니 이색히들은 요즘 PC, 페미, 친..."
1,이게 뭔 영화죠..? 아니... 일단 배우부터 좀 고쳐야 될긋
4,눈은 조금 즐거움. 근데 그게 유역비라고 생각하고 보면 또 기분 드러움. 진짜 애들만 아니었어도 안봤다. 그리고 이거 평점이 9점에 육박하는 8점이던데 알바 진짜 더럽게 많이 풀었구나 싶더라.
6,오리엔탈리즘으로 점철되었던 애니메이션의 논란보다더 실망이었어요디즈니의 개성도 안보이고..원작을 모른다면 디즈니가 만든건지도 모르겠고..유머와 재치도 사라지고..전투씬도 긴장되지 않았습니다..어벤져스는 그렇게 간지퐉퐉...
1,디즈니 역사상 가장 쓰레기영화. 재활용 불가능. 우선 연기력부터 문제있고 연출은 좋은데 디즈니 특유의 뮤지컬다운 연출이 나오는장면에서 아무것도 안나옴. 카메라만 뮤지컬 연출이고 출력되는건 없어서 상당히 부자연스러움....
1,걍....이거볼바에 국밥을 드세요.ㅅㅂ 그럴껄ㅠㅠ
1,차이나 머니가 첨가된 영화는 돈 주고 보는게 아닙니다.80년대 의식을 돈 발라 넣는다고 그게 먹히나.... 에혀...
4,이게잼있다고? 차라리 어벤져스 한번더봐라
1,디즈니 최악의 중국 사바사바 영화최악의 연기력 그리고 무 개연성
1,2300억원 짜리 똥덩어리..
1,몇년동안 이렇게 스토리가 엉성한 영화는 처음보네요너무 뜬금없고 엉성한 스토리며 장면 자체가 앞뒤가 않아요 ㅜㅜㅜ
1,논란 원작설정붕괴 뿐만 아니라재미가 없습니다 스토리도 그렇고그저 영어좀 하는 중국인나오는 무협지네요디즈니는 이글들을 보고 한번더 배우면 좋겠습니다
1,스토리 개연성 없고 계속 피닉스 나와서 너무 유치해요. 디즈니 너무 실망이에요 아까운 내시간. ㅜㅜㅜ
1,개연성 제로 .. 디즈니 최악의 실수 아닐까 싶다
2,"중국의 검열을 받으니, 조금이라도 자신의 이미지 저하되는 장면 전부 컷,"
2,너무 뜬금없는 장면이 많은듯...마녀는 왜 그런건지 잘 모르겠음
1,희대의 망작 실망의 연속  기적의 검이라는 싸구려 모바일 게임같음
3,영화관에서 봤으면 큰일 날뻔했네...PC에서 빠른배속으로 돌려보고 건너뛰기 하고 있는 나를 봤다...쏘는 화살을 손으로 잡고 화살 발로 차서 쏘고... 하...진짜 이걸 영화라고 만들어놨는지
1,???? 뭔생각으로 만든영화인지...
3,디즈니도 이런 괴작을 만들 수 있다는게 놀랍다
2,이거 보는 인간들은 모냐??
2,애니랑 다르고 재미없어요..
1,짱개영화 결과 참담하네 ㅋㅋ 20만따리
1,디즈니도 이제는 한 물 갔네
4,무슈 귀뚜라미 남주 OST 다빼고 성장하는여주는 무쌍킬러로 매는 억지설정마녀로 만들어놓음... 영화다끝나고 나오는 노래라도듣고 위안을
1,돈 아깝다
2,기가 존나 쌘 사춘기 소녀가 아빠가 걱정해서 군대간다는거 왜 날 무시해 하고 집통장 집문서 다 들고 집나가서 피닉스 날개달고 허공답보면서 오랑케들 물리 치다보니 황제부터 악당 모두 무림고수였다. 라는 이야기
2,와... 진짜 망작이다...
4,규모가 웅장한 무협영화 또는 규모만 웅장한 무협영화
1,정말 어느 것 하나 볼 것도 없고 칭찬할 만한 점도 없는 영화였지만 오랜만에 견자단 검술 몇초본게 그나마 1점이라도 주는 이유. 영화 외 얘기로 문제가 많은 영화지만 그걸 떠나서 영화 자체로도 쓰레기
1,
3,기승전결이 없기에 그로인한 오글거림은 온전히 관객들이 짊어져야할 몫입니다. 뻔한 스토리일건 알고봤지만.. 교훈을 주기위해 억지스토리를 짰다는 느낌이 강합니다. 액션은 조금 볼만 했습니다. 전형적인 한국맛을 곁들인 신...
2,모든 것을 망쳐버리는 짜장머니!!
2,애니메이션과 굳이 비교하지 않아도 영화 자체가 개연성도 없고 설정도 엉망입니다. 차라리 애니메이션의 좋은 기억만 갖고 있는게 나아요.
1,중국빨사재끼는 디즈니에 역사공부도 안하고 영화를 만드는 감독에 그 제작사에 그 감독... 이런 영화는 진짜 답이없음 티켓값이 아까운건 살아있다 다음으로 이게 두번째감상포인트 주기도 아깝네ㅡㅡ
1,중국 양산형 게임하세요?? 뭐하는거야 중국 개추해...
1,
1,우와 진짜 진짜 댓글알바 평점알바인가요?
1,
2,하여튼 중국 놈들 돈만 들어가면 영화고 뭐고 다 그냥..
1,"제일 기대했던 만큼 그야말로 최악. 흥행못한 덤보보다 별로. 덤보는 영상미, 감동이라도 있었으나 이건 이도 저도 아님. 원작을 강요하던 디즈니가 왜 뮬란은 각색해서 디즈니 프린세스 중 가장 탄탄했던 스토리를 망작으로..."
2,결말은 마음에 들었지만 굳이 안 넣어도 되는 캐릭을 넣고 개연성은 완전 저 나라로 가고 원작만큼 갔어도 됬을텐디 그냥 졸작 되버림
1,알라딘은 역대급으로 만들어놓고 왜이건..
1,디즈니가 망해가는구나..
1,영상미 제외 볼거 1도 없다
2,불법다운로드로 혼내주자! ㅎㅎ
1,다양성과 평등을 주제해야할 뮬란인데 신장위구르에서 일어나는 반인륜적인 행위들을 생각하면 보지 못할 영화입니다. 보이콧뮬란
1,"병자호란을 다룬 남한산성은 베스트 평점이 높지만 뮬란과 비슷하다. 한국인 관람객 수준이 낮은건지 중국인,조선족 여론조작/평점테러 영향인지.. 뮬란은 참 공감순으로 보면 참 처참하지만 전체 평점으로 보면 8점대라니 장..."
1,개실망 정말 잼없어요ㅠㅠ
2,뭐냐이건. 황당하네..
1,"엑소는 짱깨먹튀로 폭망하고, 홍콩은 짱돌로 핍박당하고, 아프리카는 춘장 빚쟁이 되고, 질병에 짜장 손 타니 전세계가 난리통이고, 디즈니는 짜장 묻어 희한해지네. 이와중에 한국 평론가 수준은 영화산업에 돈 받는 하수인..."
5,뭐 없음..그냥 시간 때우기..
1,"누가 8,15평점을 주었는가? 중국  국뽕영화라더니 진짜일세...다큐 인줄ㅋㅋ 유역비의 처음부터 끝까지 한가지 얼굴 변함없는 표정과 연기 압도적였다.유역비 좋아했는데...감독이문제인가 여배우가 문제인가?실망!!미국 ..."
2,원작을 뛰어넘는 마스터피스 ㅋㅋ 이제까지 애니메이션 뮬란은 진정한 뮬란이 아니었다...
2,미국말하는 중국영화.. 아이러니하다마는 뻔하디뻔한 내용..
1,(개인적으로)디즈니에서 소송걸어도 상관없을듯.
2,진짜 한마디로 노잼 밖에 안떠오르는 영화인거같네요.. 애니랑 너무 다르고 스토리도 뭔가 끼워 맞춘 장면같아서 별로 추천 드리고싶지 않네요  그리고 그 마녀역은 왜 뜬금없이 죽는지 아직도 이해가 되지않는 영화입니다.....
1,뮬란은 애니매이션만 있는걸로
1,이게 디지니가 만든거라고?.. 하.. 이건뭐지 진짜.. 이게왜 8점대인지 이해가 안간다. 뮬란인대 뮬란은 없고 왠 먼치킨 사춘기 깽판녀가 나오네
1,"감독이 서양인이라서 그런지 모르겠는데, 배경이나 싸우는 모습이 중국이 아니었음. 약간 동남아스럽기도 하고... 특히 싸우는 장면들은 일본을 연상하게 함. 전쟁씬도 우리가 아는 중국 영화나 드라마스럽지 않고, 유럽 중..."
2,기억하겠다.. 니키 카로..
1,맨마지막 주작연출 보고 오금이 지렸다. 이건 영화가 아니라 혁명이다.꼭봐라
1,원작 발 끝에도 못미치는 영화
1,보이코오로로로롯 합시다아라아
1,이게 8점인걸보니 한국 관람객 수준을 알겠다
4,재밌는 요소 다 빼고 재미없는 배역들로 각색함.. 차라리 애니메이션 그대로만 찍었으면 이러지 않았을텐데
1,너무너무 재미없음. 인간의 상상을 뛰어넘어도 너무 뛰어넘어 과도한 영화다. 말이되냐. 이게 영화냐???
1,뮬란 이제서야 영화로 처음 봤는데영원히 몰랐어도 됐을거 같다. 뭐 하나 재미있는 포인트가 없네
4,아 피닉스 만 안나와도 평점 2점은 더줄텐데
1,잘 만들었어요. 중국영화치곤
1,디즈니 중국으로 넘어갔음?
2,중국 똥꼬 빨기 ㅈ망작 유역비와 현실성 다ㅈ같음
1,짱깨똥 묻은 돈에 거짓짱깨역사에 짱깨배우들 캐스팅한 쓰레기를 영화라고 부르기도 싫다. 클레멘타인이 훨씬 더 재밌다. 결론: 별점 반개도 아깝다
5,전형적인 서양인의 시각으로 해석한 동양의 문화
5,가족과 함께 보기에는 만족스러운 영화.하지만 디지니의 이름과 어울리지 않는 영화다.알라딘 실사판 정도의 퀄리티를 기대한다면 그 기대를 버리고 보길 바란다.기대를 버리고 본다면 재미있게 느껴질 수도.난 개인적으로 그닥...
4,유역비가 아쉬움 ...조연의 연기가 더 돋보인거 같다
1,이게 영화냐?짱깨 영화라 기대는 안했지만 ...근데 왜 영화에 진핑이가 나오냐?뭔가 정치적인 냄새가 진하게 나는 OO영화
4,디즈니 영화를 기대하신다면 안보시는게 나을듯 해요 디즈니 감성 일도 없고 그냥 중국 무협영화 같아요 씨지도 엉성한.. 후기 작성할때 선택할  감상포인트를 선택할게 없네요..
4,"그간 디즈니의 공주 케릭터 영화는 아이들과 공감소재, 재미, 웃음을 만들어 가족 모두가 즐겨볼 수 있어 좋았다. 하지만 뮬란은 아이들을 외면하고 성인들만 볼수 있게 만든 영화로 만들어 가족단위 공감과 관람을 멈추게 ..."
4,음... 뭐랄까 중국에서 만든 이상한 SF영화랄까
4,음... 뭐랄까 중국에서 만든 이상한 SF영화랄까
6,화 뮬란 머리 묶어주고싶음
6,좀 유치하고 루즈한 느낌이 있습니다. 그래도 아름다운 자연 풍경 등을 보는 재미가있었습니다.
8,둘이서 봤어요 ㅎㅎㅎ호
6,적은 에피소드로 이렇게 만들어 낸다는게 대단
6,대부분 평점 별루인것 같은데~평점 평균 왜이리 높음? 네이버 너네 혹시?...?...?ㅋㅋ
6,아직 안봤는데 평점들이 이 정도면 얼마나 노잼인지 궁금해서 보고싶어지네 새로운 마케팅 전술법인가
1,디즈니가 중국을 위해 바치는 영화. 그냥 재미없는 무협지 영화같음. 여자 배우 인성만큼 연기력도 개똥
2,디즈니에도 중국자본이 들어간 순간 디즈니까지 짱ㄲ ㅐ화가 된다...  그냥 그 흔한 중국 무협영화네..
1,중국의 코로나란
2,개별로입니다 보지 마세요
2,유역비 왜 이러니..정신 차려
6,뭐랄까 동서양사상의 갬성충돌이랄까..대작으로 시작해서 중작 소작?으로 마므의리..
1,네이버 평점은 평균내는 시스템이 없는거임?? 대충봐도 4-6 사이같은데 왜 이모양???
2,그저 디즈니가 중국 똥ㄲ 빠는거구경하는 영화
1,차라리 삼국지를 본다.
1,진짜...디즈니 실사 영화 중에서 최고최악....
1,아니 이건 작품 정체성을 완전히 바꿔서 아예 먼치킨 캐릭터로 내놨네
1,내 디즈니 돌려내
8,방금 조조로 봤다.초반 졸라 사기캐 마녀가 맞나..?그리고 대사들이 다 뒷 내용이 예상가능하게 해놔서 짐작하면서 봤음 영상미는 진짜 좋았다 유역비 너무 이쁨 연기력 논란에 표정이 다양하지 않다 뭐 이런 말들 있던데 ...
4,여전사가 주인공인데 너무 약해보인다.멋있지가 않다.
6,안타깝다.. 뮬란을 이런 중국망작으로 만들어놓다니 ㅜㅜ
9,전체적으로 굉장히 잘만들었고 뮬란도 섬세하게 잘 표현했네
8,스케일이랑 전투신들이 어마어마해서 특별관에서 보면 더 재밌을듯
7,생각보다 더 멋진 액션에 치이고 갑니다
8,어릴적 보던 추억의 뮬란을 실사로 볼 수 있는 그 자체만으로도 만족스럽다
1,진짜 ㅆ... 이딴걸 뮬란이라고 ㅋㅋ 개웃긴다 진짜가장 빡치는건 이딴 영화에 네이버 영화 평점 0점을 못 준다는거다
8,별로면 어쩌나 했는데 역시 디즈니 갬성!!
4,애니메이션 뮬란이 훨씬 나을정도. 보고나서도 실소만...
7,시간 가는줄 모르고 빠져듬~!
7,설산 전투신은 진짜 보는내내 입 벌리고 본 듯;;
8,호불호가 갈릴 수도 있을거 같지만 전 재밌게 봤습니다~~
8,애니와 실사의 장점을 잘살림ㅎㅎㅎ
7,영상과 액션 연기가 아주 잘어우러진 영화
8,뮬란 여자 캐릭터로써 너무나 마음에 들엉~
8,오랜만에 보는 디즈니 영화 좋아용
8,여러 설정들에 변화를 준거치고 생각보다 평이한 스토리였다 이 정도에 굳이 원작의 오리지널리티를 버려야 했을까 싶네
8,스케일에 압도되는 그런 영화!
8,애니메이션이랑 상관없이 재미나게 봄ㅋㅋ
8,애니메이션의 감동은 그대로네요ㅎㅎㅎ
8,기대안하고 봐서 그런지 전 재밌더라구용
6,욕먹을 정도로 못봐줄 영화는 아니던데요?
7,공리 오랜만에 봐서 좋았음
6,애니메이션보다 시간은 길어졌는데 내용은 줄어들었다? 캐릭터를 쪼개면서 오히려 내용이 산만해졌다. 애니메이션을 그대로만 따라갔어도 이영화는 좀 더 나은 방향성을 가졌을듯 하다. 최근 트렌드인 여성은 해방과 각성에 너무...
4,디즈니라는 텍을 때고 선보였다면 과연 봤을까?
1,노답
1,댓글알바도 커버치기 힘든 작품도 있구나...
1,"기억남는건 유역비의 얼굴과  "" 화~준!! "" 뿐"
1,감상포인트 없는데 선택하래.. 다 별로임 최악중에 최악 그냥 중국의 무협 내용의 영화를 보는것같음 원작의 뮬란을 좋아했는데 왜 존재하는지 모를 캐릭터에 디지니 특유의 노래들 1개도 없음 그리고 배경은 중국인데 영어를...
1,
1,원작이 거짓말 안보태고 100배는 나음.영화는 엉성한 스토리에 감동요소도 없고 싸구려 중국영화느낌
1,그냥 한마디만 할게요... 개.쓰.레.기. 영화입니다. 믿고 거르세요 중국 코인...
1,"프리홍콩, 티벳프리, 타이완 넘버원!!"
1,소수민족 탄압하는 영화가 영화냐 쓰레기지 디즈니도 돈에 미쳐서 막나가네
1,아니 혼자서 그 많은 병사도 가지고 놀던 마녀가 고작 칼 한자루 맞고 죽냐  진짜 어이가 없네 ㅋㅋ
2,디즈니에게 이런 비장함 같은 건 바라지 않습니다. 유머와 노래가 빠지니 이건 어린이를 위한 영화처럼 보이지는 않더군요. 정말 실망스럽네요.
1,전형적인 중국영화..
1,중국몽을 찬양하기 위한 영화 공산당의 영화
1,이걸 왜봐 또라이들인가
1,FREE H.K그 개같은 배우를 쓴것만으로도 보기싫다.
7,감동은 없었어요 보기전에 평점찾아봤는데 거이 별점이 낮아서 재미없나했는데 재미없진 안있어요 좀 부족한점이 조금은 유치했어요 그레도 셍각보다 재미있었습니다
2,처참하다 cg 실화냐 ㅋㅋ
1,논란이고 뭐고 이게 뮬란이라고..?
2,이걸왜 8.3점이나 줘있지 어이가없으여
5,디즈니의 무조건 실사화의 잘못된 예 내 추억 속의 뮬란은 없고 그냥 저질 전쟁 영화만 남았다.
4,"영화를 보는 내내 말로 표현하기 힘든 공허함 같은 것을 느꼈다. 그 동안 디즈니의 리메이크 실사영화들을 꾹 참고 안 보다가, 한방에 된통 당한 느낌. 영어로 하는 무협영화 너무 황당함. 주연 조연 배우들 무척 아까움..."
3,"뮬란, 내 그럴줄 알았다."
2,이거 볼 바에 원작을 두 번 보고 말지애니메이션 그대로 갖다 박으려고는 했는데 부족한 부분들이 있으니까그냥 안 넣어서 개연성이 제로무슈랑 귀뚜라미도 없는데 음악도 없어! 최_악_
1,"유역비 ""연기를 이렇게 할 수도 있구나.""  공리, 견자단은 이름빨.  왜 만들었을까?"
2,알바 진짜 많네 ㅋㅋㅋ  무슨 10점이래
2,뮬란같은 소리 하고 있네. 이게 무슨 뮬란이야;쓸데없는 요소만 넣어놓고; 디즈니적인거 0% 원작이랑 100%다름뮬란을 이상한 페미로 만들어놓음.
2,뮬란을 하청업체에 준 영화..  중국의 영화인데 등장인물 이나 주인공 이름이 그냥 동명이인.. 뮬란이라 보지말고  중국판 잔다르크 라고 보는게 정답.. 잔다르크 리메이크 중국버젼.. 영상이 디즈니의 영상이 아니라 이...
1,후.... 후....
2,"심규한 평론가님, 이 영화에 '진보한 여성'은 있을지언정, '서사'는 없는 것 같습니다."
1,이게 뭐람...내시간 책임져
1,예고편만 봤는데 유역비 연기 못 하네ㅉㄱ련아 우한으로 꺼져라
1,그냥 걸러야 할 영화. 빨리 내리는 게 상책
1,똥 그 자체. 진짜'''
1,재미없음 난 다음엔 안볼래요
1,"유역비 has an attitude problem.Actually Disney, too"
1,지극히 ^그들^만의 오리엔탈리즘에 빠져 만든 영화. 이게 흑인인어공주가 나온다는 2020년에 나올 영화가 맞나요
1,
1,좋아했던 짜장면도 먹기 싫어 지게 만든 반중 유발 영화
1,왓더뿩오우쒯ㄹㅇ 개별로
1,이런 댓글 안다는데 정말 최악이다.... 알바들아 작작좀 해라.. 제발..
1,차라리 원작 애니메이션을 CG작업했으면 더 흥행했을 것
1,나는...차준...이 아니라 차! 물란이오!!!중화인민공화국의 홍콩 지배를 결사 반대합니다.홍콩 시민의 투쟁을 지지합니다~!그냥 착한놈 나쁜놈 치고박고 싸우는...견자단님을 텅 장군으로 캐스팅하다니ㅜㅜ
1,앤딩크레딧의 이수현 OST 빼곤 건질게 없었다.. 역시 원작이 최고
1,아니 평점이 죄다 1점댄데 어떻게 관람객평점이 8점대라는거지?? 이거 네이버에서 조작하나??
1,참..그냥 웃긴영화^^ 보다가 어이가 없는 장면이 너무 많아 웃음이 절로 나오는 영화
1,
1,네이버는 감상포인트 선택을 무선택도 가능하게 바꿔야 한다. 선택할 항목이 하나도 없다.
2,진짜 이게 디진다 뮬란 이건 뮬란을 보고 중국에서 만든 짭무비에 가까움알라딘 실사화보고 기대했는데
1,중공과의 단교와 대만과의 재수교가 시급합니다!!중화인민공화국:반국가 범죄조직 중화민국:진짜 민주주의 중국 Taiwan no.1!!Free hongkong!!Free tibet!!특히!!대만분들 힘내세요!!
1,현재 평점이 넘 어이가 없어서 글 남기고 갑니다. 스토리가 완전 메롱이네요. 개연성도 전혀 없고 갑자기 뮬란이 인정받는 부분도 도저히 이해가 안되네요~ 역시 중국 자본이 들어간 영화는 보는게 아닌데...ㅜㅠ 내 아까...
1,보이콧 뮬란. 리얼뮬란 아그네스쵸우
1,"클라멘타인도 피했는데, 이걸 못 피했네"
1,디즈니도 실패를 하는군요...
1,뮬란에게 사과하세요진짜..
2,역대 최악의 디즈니영화애니가 만배 낫네요
1,이런걸 돈주고 보라고? 믿고 거르는 짱깨..
1,그냥 이 영화 볼 돈으로 떡볶이 사먹을래요!ㅋ??ㅋ??ㅋ??ㅋ??ㅋ??ㅋ??ㅋ??ㅋ??ㅋ??ㅋ??ㅋ??ㅋ??ㅋ??
3,하.... 이게 평점이 8.3????ㅋㅋㅋ 오글거려서 못보겠던데. 이게 영화인가 싶었음.
2,원작이랑 정말 다름... 디즈니 영화를 보러갔는데 디즈니스러움이 하나도 없었던 것 같음.새로운 인물을 등장시켰으면 좀 잘 써먹었어야 했는데 딱히 그런 것도 없었음그리고 원작에서는 띨빵한 피닉스와 귀뚜라미가 재미요소였...
2,디즈니 영화는10대들이 재미 없다면 진짜 재미없는거다
4,애니에 비해서도 너무 부족해보입니다. 논란은 접어두고라도 스케일도 연기도 볼거리도 전부 기대이하. 아무리 실사영화라고해도 연출도 엉망
4,그냥 애니메이션 원작을 한번 더 보세요. 그게 천배 더 재미나요. 아이들도 깔깔 웃으며 봤는데...실사영화는 집중 하나도 안되고....봉황은 왜 계속나오는 것이며. 마녀는 또 뭡니까?
2,원작 생각하고 보면 돈아까운 영화
2,
2,....ㅋ뭘본거지?
2,
8,애니보다 뮬란이라는 캐릭터에 몰입할 수 있도록 잘 만들었던뎅?
8,오랜만에 디즈니 영화봐서 그런지 좋았당
8,여주 액션도 멋있었어요 재밌게 봤어요 ~~~
2,ㅋㅋㅋ 진짜 알바들 멘트 다 똑같네영상미가 너무이뻐요~ 연기 너무잘해요~그따위로 쓰고 월급받냐? 좀더 참신하게좀 써봐
9,애니 상관없이 재미나게 봄ㅋㅋㅋ 배역들 아주 찰떡이였다
8,"알라딘, 미녀와 야수 실사화에 못지 않은 훌륭한 실사화 였습니다. 다만 액션부분에서 너무 억지로 화려하게 하려고 한 부분이 아쉽네요. 중국 특유의 액션때문에 몰입감이 떨어지던거 빼고는 훌륭한 실사화였습니다."
1,진짜개연성떨어지고 디지니영화아닌 중국코믹영화같아요ㅡㅡ디지니영화상징인 노래가중간에안나옴. 노래들을려고영화보는건데
1,알바들 쩌나보다 ㄷ다ㄷ다ㄷ
2,이게 디즈니영화라니....노래와춤이빠진 앙꼬없는 진빵같은....완전다큐보는줄.
2,디즈니는 만화 만들자 영화는 아닌듯.
3,자기가 뭘 만드는 건지도 모르는 상태로 만든 듯한
2,돈주고 보기 아까워요..
1,최악. 절대 보지말길 끔찍함
2,원작과는 거리가 좀 멀어요
3,"마빡에 화웨이 상표를 그리지 않나, 뮬란 아빠는 시진핑 닮았고... 미국 감독이 중국 머니 뽑아먹으려고 만든거 같은데, 정작 대사는 영어라 이질감 있었고. 연기력도 허접했음."
2,...최악 돈아까워요 진심
2,영상미랑 OST만 돋보이네요 흠.. 뮤비인가요?
2,주인공 선미인줄 나만 그럼?
5,스토리는 무난한데 액션이 영~ 허리우드 영화 같지가 않네요. 판타지도 실사도 아닌 이것도 저것도 아닌 뭐랄까... 그저 그런 킬링타임용..
2,노스컨츄리라는 명작을 만든 니키카로 감독의 능력을 이정도까지 끌어내릴 수 있는 디즈니와 중국의 더러움에 감탄
4,원작의 스토리를 망친 무리한 전개
5,이건 뭐 중국 영화를 보는건지 실사화라도 그렇지 무슈를 봉황으로 만들어서 날라댕기기만 하네 분위기가 너무 진지하기만하다 ㅎㅎ
5,캐릭삭제에 ost삭제에 시간은 늘어났지만 볼거리는 줄었다 뮬란이라는 제목만 안 붙이면 그냥 다른 뮬란과 스토리가 비슷한 무협 영화
5,"영화인으로서 영화를 정치에 포함시는건 아니라고 생각합니다하지만, 뮬란이라는 원작과 다르게 설정한 부분과 마치 중국에서 뮬란이라는 캐릭이 처음부터 생겨낫다는 그러한 스토리는 디즈니 회사에서 잘못있다고 생각됩니다. 영화..."
2,정작 이게 디즈니 영화가 맞다는 말이냐??최소 반타작은 하던 디즈니영화인데.이번꺼는 도대체가... 중국놈들 자본들어간거냐? 입김 들어간거야??최악의 디즈니영화
7,나름 전개도 깔끔하고 재밌던데요 ㅋㅋ
4,"논란을 떠나서 진심 그냥 그랬습니다.액션씬도 어정쩡하고, 주인공비중이 너무적었고 허접했음."
5,디즈니와 뮬란이 만났지만 평범한 무협물 수준
2,"이건뭐 액션을 보여주는건지 전혀 모르겠고 , 감동도 없고 갑자기 즙짜기시전등  뮬란이라는 좋은 재료를 똥으로 만든 영화다."
2,"디즈니플러스에서 돈내고봤는데 돈아깝고 재미없음.영상미빼곤 죄다 별로알라딘, 미녀와야수가 정말 잘만든 실사영화란걸 깨달았음"
2,노잼 스토리가 연결도안되고 보지마세요
2,초딩도 유치하다 할 노잼영화
4,영화 외적인 요소나 원작과의 비교를 하지 않고 보더라도 역시나 실망스러운 작품이였다. 캐릭터의 매력도 약하고 서사는 작가들이 일부러 그런건가 싶을정도로 허술하다.그나마 기대가 없어서 그런지 비쥬얼은 볼만했고 추억의 ...
5,이영화 문제점: 1. 장면장면이 존내 빨리 지나감 각장면이 뭘말하는지는 알겠는데 갑자기 휙 가니까 너무 허무함 마치 김빠진 콜라마시는 느낌임 2. 뜬금포 장면이 개많음 나 개오그라들어 디지는줄;; 6명이 차례대로 뮬...
5,설득력 제로. 고증은 귀찮아.이정도 퀄리티면 굳이 원작을 안건드려도 됐을것 같은데
1,
2,노래도없고 재미도없고 감동도없는 무협영화네요 왜 디즈니가 만든 특별한색이 없는지 지루~~~했어요
4,해외 시사평이 좋았다고 해서 상당히 기대를 했는데... 개연성부터 시작해서 어딘가 비어보이는 연출력에 cg까지 어딘가 어설프고 제작비가 모자란 중국 드라마를 보는 느낌이었어요.그나마 마지막에 크리스티나 아길레라의 노...
2,"스토리 자체가 너무 평범하고, 옛날 영화 같음"
4,솔직히 .. 재미는 없다. 마음 비우고 그냥 본다면 킬링타임용 정도는 되지 .. 싶을까 말까 .. 개연성 무.
2,평점 1점 주려 손수 네이버 로그인했다. 상여 내내 관객들이 어이 없어서 웃은 영화. 참고로 마지막에 유역비에 불사조 날개 달림.
2,간만의 허섭스렁움의 극치영화초딩들도 약간 지루해함
2,불매하는거 같이 동참 할걸 조옹ㅎ오옹나 노잼이네
6,애니가 더 좋아요ㅠㅠ 내 최애 애니였는데.. 실사는 기대치에 못따라오는 느낌..
6,무슈는 없고 연이 따라다닌다
4,이젠 본연의 색마저 잃어버린 디즈니
2,최악이에요 뮬란이 아니라 중국무협영화 보는줄...
2,돈 아까우니 조조로 포인트써서 무료로보세요. 디즈니 made in china.
1,유역비 홍콩한태 사과해라
2,진짜 왠만해선 평 안다는데 진짜 더럽게 재미없습니다... 옛날 옛적 영화인 견자단의 관우가 훨씬 재미있습니다. 액션은 무슨 애들 장난도 아니고..
2,요리사가 무식한 주제에 건방지기까지 하네요.
2,디즈니가 영화를 이렇게 망칠줄이야...노..노래는 좋네요.
2,화준이 필리핀가서 수술하고 화뮬란이 되는 이야기
2,자유가 덕목으로 추가 됬으면 금상첨화였을 탠데~ 봉건적 사대주의만 강조된듯..
2,
2,디즈니영화 아니잖아 낚였다
2,쌉오바 핵노잼 개심각합니다
4,한때 우상이였던  신조협려의 고모 유역비도 이젠 늙었구나 ....
2,"디즈니 타이틀빼고 보면 평타정도지만,디즈니실사 영화중에서는 기준이하."
1,
6,reflection ost는 좋긴 한데저는 뮬란 예고편 나왔을때부터 기다리고 있었거든요.왠지 알아요?뮬란의 러브러브 쇙 장군이 카리스마 있는 얼굴로 나오길 바랬어요.ㅠㅠ근데 스토리에는 쇙 장군은 안 나오고 약간 이~...
5,"영상 구도, 조명, 색감, 음악, 효과음 같은 겉부분은 최상을 달린다. 그런데 영화에 담긴 정신세계가 너무 고루하다. 7080을 보는 것 같다. 지나치게 딱딱한 여성 편견을 나열하고, 그것을 넘어선들 무슨 소용일까?..."
2,무협영화에 뮬란이라는 캐릭터가 들어간거임;; -공산당과 디즈니의 거대한 똥-
1,"유역비 미모에 0.1점, 액션에 0.1점... 전 0.2점 주고 싶습니다^^ 어떻게 이렇게 원작을 조질 수 있는지... 딸기라고 해놓고 딸기향 0.0001% 들어간 느낌이랄까요."
1,별로였습니다. 올해 최악의 영화.
3,서양인들이 생각하는 동아시아에 대한 환상과 왜곡의 결정체
1,원작이 너무 아깝다 원작은 재미 감동 두마리 토끼를 다 후두려 패버렸는데 영화는 이게 뭐야... 그냥 이름을 딴 걸로 달아라 제목 조차 너무 아깝다 중국의 오그라드는 액션씬과 오그라드는 연기만 기억에 남음..시간이 ...
2,디즈니도 가끔 똥을 싼다.
3,"이게 진짜 내가 알던 디즈니가 맞나 싶습니다.디즈니 하면 떠오르는게 여러가지가 잊겠지만 가장 큰 것은 노래와 브금이라고 생각합니다.매 장면마다 예쁜 음악이 나오고, 때론 웅장해지고, 그 안에서 감동이 나오는 것인데 ..."
1,이런 쓰레기 영화가 고평점이 말이되나... 울 나라에 중국인이 얼마나 많이 살길래 아님 작업들어 온 건가..ㅋㅋ
3,어릴 적 뮬란은 없고 유치한 의도만 남은 영화
1,디즈니 공주중 뮬란을 가장 좋아했던 사람으로 뮬란이 머리를 자르는 장면이 없다는 것이 굉장히 아쉽습니다. 그리고 뮬란이 남장인 것을 틀킨다는 장면도 별로...
1,
6,못볼정도는 아니던데요 ㅋㅋ
1,스토리가 재미있었다는 분들은 단순히 화려한 연출만 보거나 원작 안본 사람들인가..기대는 안했지만 그래도 디즈니까..하고 봤다 통수 맞았다.  무슈랑 귀뚜라미는 그렇다고 쳐도 원작 뮬란 속 좋은 노래들은 다 어디갔냐고...
1,영어쓰는 중국인들. 연기 못하고. 스토리 엉성. 애니메이션 싱크로율 100%. 어이없게 눈사태로 전쟁끝.... 12세 미만 어린이들도 안좋아할 영화.
1,영화가 문제가 아니라 인권탄압을 지지하는 배우가 문제이다. 공산당의 얼굴마담이 잘나가게 두어선 안된다. 그럼 제2 제3의 유역비가 줄을 이을것이다.
2,봐야됨? 우한코로나인데?
1,이 때 까지의 디즈니 실사화 괜찮게 생각했는데 이건 원작의 반도 못 따라감
1,
2,쓰레기 영화라고도 할수없다
1,영화 내려요. 원작파괴 끝내주는데 재미도 없습니다.
2,"소수민족 주권 독립을 지지하며,전세계적으로 확산되고있는 중국공상당 영화 뮬란 불매 운동에 동참  합니다."
1,
1,보이는 평점은 거의 1점인데 평점이 8.5나 될수가 있는거지..
2,솔직히 이런 영화 영화관에서 왜 보는지 이해가 안됌 ㅋㅋ 딱봐도  피해야 하는 영화처럼 보이는데 또 이런건 오천원에 금방 풀림 ㅋㅋ
1,"""Free HongKong""이 생각나는 영화"
1,"진짜...돈 주고 보기 아까운 영화..너무 유치했고..각본, 연출, 캐스팅 모두 최악!..애니가 훨 나은듯하네요..디즈니 실사판중 최악!유치한 와국영화보다 한국영화를 보시길.."
2,위구르사건때문이라도 절대보면안되는 영화
1,위구르족  영상보면  이거 못봄
1,홍콩 민주화를 위하여뮬란을 거부합니다.#banmulan #뮬란out
1,유역비는 홍콩경찰을 ㅈㄴ 지지해
1,위구르인들의 독립에 찬성한다니 환영이야.
8,기대 없이 보셈 재밋음
1,왜있는지도 모르겠을 불사조와 존재감 포 등등 캐릭터를살리지못하는 연출진  지금의 디즈니 뮬란을 있게한 리플렉션/ 메이크 어 맨 등 아름다우면서 감동적인 OST가빠진 연출진만 화려한 B급 무협영화에 뮬란이라는 이름만입...
3,디즈니 실망이네요. 사람이 새로 변신하고 천으로 암살자를 해치우는 건 디즈니니까 그럴수 있다 쳐요. 황제를 구하러 가는데 군대도 없이 몇명이서 가는게 말이 되나요? 중국황제 근위병이 몇 명 없나보죠? 적들이 근위병 ...
6,유역비가 쫌 어색하긴한데 ㅋㅋ 전체적으로 볼만하긴했어요
4,영상미는 좋았으나 계속 ‘정의’를 강조하는 것 같던데 계속 정의를 외치는 배우가 유역비라 참 아이러니했고 표정이 무미건조했던 것 같음 악역으로 나오는 보리 칸도 과연 악인걸까 하는 의구심을 자아내고 마녀가 센 캐릭터...
6,나름 나한테 잘 맞는 영화였어요
1,유역비나 견자단 등의 출연 배우들이 홍콩 민주 시위의 폭력 진압을 옹호하는 발언을 했다니 홍콩의 위태로움을 아는 사람이라면 보지 말았으면 좋겠다. 디즈니가 좋아서 보는 것도 추천하지 않는다. 유역비의 옹호 발언을 듣...
1,보지마세요 그냥 중국영화삘 나요
2,짱개 그이상도 그이하도 아니다
1,애니의 감동적인 뮬란은 없습니다. 무협영화일뿐. 아이들도 따분해합니다.
1,얼마나 많은 알바들이있는걸까..
1,평이 왜이렇게 좋아...;네이버 평점은 역시 믿을게 못 되는군 ㅉㅉ...
1,최악 최악 최악 최악 최악 최악 최악
2,어마어마한 존재감 뿜뿜하는 공리 빼곤 새로운 게 하나도 없음. 여주는 연기 왜케 못하냐. 로봇이 연기하는 줄. 그나마 액션신은 좋은데 그것도 촬영과 편집 효과지 배우가 잘한다는 느낌은 없음. 원작 애니를 다시 보길 ...
1,최악의 OOO기 영화 이런걸 돈 주고 보지 말고 토렌트가서 다운로다 받아서 봐라
1,페미들 시국 관심 없지? ㅋㅋㅋ 또 페미들 여주 영화 나온다고 쳐보러갔네 중국 보이콧하는 이 시국에 ㅋㅋ
4,돈주고 보기에는 아까운 것 같아요.
2,공산당 지지하는 영화는 싫다
1,
1,이게뮬란이야 와호장룡이이야ㅋㅋ
1,원작 발바단 때도 못따라가네
1,아이들 하고 보시면 후회 합니다
1,정치 이념이고 역사적 고증이고 다 떠나서 일단 재미가 없다.   긴장감도 없고 어려서부터 초인적의 힘을 가진 뮬란도 설득력이 떨어지고  표정은  왜 또 그렇게 포커 페이스만을 유지하고 있는겨?  이렇게 몰입감 없이 ...
2,관람객 평점보니 짱개들이 국내에 많이 유입되고 흔들고 있구나 싶네
2,ㅋ돈에 휘둘리는 디즈니였어. 댓글 별점 알바들 보는게 감포다.
2,차라리 저 배우말고 뮬란과 어울리는 장윤주가 했으면 어떨가싶다
4,와.. 코로나땜에 처음 본 영환데 지뢰를 밟았네 ㅅㅂ...
1,디즈니 리메이크 중 역대 최초 망작 유역비 말고 다른 배우들이 아깝다 홍콩의 독립 지지한다.
1,
1,이게 왜 테넷보다 위야??
1,
2,유역비 보는 맛에 봣다~ 내용은 그저그렇고 무협영화의 전형적인 스토리로 흘러간다~~ 시간이 남아 심심하면 보도록
4,아~~~  증말 연출의 조잡함에 혀를 내둘렀다.눈사태 일의키는것도 참 어이가없음
1,그냥 노잼; 유역비는 뮬란 안 어울리고 스토리도 영 별로
2,네이버가 1점은 평점에 반영 안하는 듯해서 아깝지만 2점 준다. 디즈니는 실수했네..
1,우리들의 뮬란은 없다...
1,
1,중국 지지하는 뮬란 좋다고 보러가는 건 진짜 개돼지들 아닌가요ㅠㅠㅠ
1,"중국 3류 무협영화. 보는 시간 내내 시간이 너무 아깝고, 내가 이걸 왜 보고있나.... 그래도 디즈니인데 뭔가 있겠??? 은 개뿔.  역대급 쓰레기 영화. 시간이 남아돌아도 보지마세요. 진짜 어떤표현으로도 말할수 ..."
2,
1,이게 작년에 실사 알라딘 만든 회사에서 나온 영화가 맞냐?
1,그냥 옛날 애니메이션 보는게 좋음https://m.search.naver.com/search.naver?where=m&sm=mtb_etc&mra=bkEw&pkid=68&os=1757113&query=%EB%AE%AC...
1,....다만 악에서 구하소서..
6,유역비 아버지가 시진핑과 너무 비슷하게 생겨서 놀랐음....충성 용감 진실....중국인을 위한 영화더군  유역비는 이쁘네
1,홍콩 사람들의 피와 좌절을 잊지 맙시다.Free  HongKong
1,이정도로 재미없게 만들수가 있네요 대단합니다. 중국 돈 먹은 디즈니의 최대 망작 탄생.
1,1점도 아까움 원작이 훨씬 낫다
4,원작이 어떤지는 모르겠지만 이건 그냥 조금 잘 만든 중국영화네요.. 여느 중국 판타지 영화처럼 사람들이 날아다니고 무리수 CG가... 심각하네요. 심지어 주인공 연기실력 또한 심각합니다. 소리도 못질러서 으어에에할 ...
1,뮬란 여주인공이 홍콩 탄압 옹호하는 중공 빨갱이 쓰레기임...게다가 뮬란 아빠가 시진핑이랑 진짜 비슷하게 생겨서 다운받아 보다가 바로 껏다. 진짜 구역질 나더라.
4,"영화를 두고 많은 호평과 혹평이 오가는데, 저는 무엇보다도 타겟층이 애매한 영화라고 생각합니다. 어린이가 보기에는 다소 내용이 무겁고 성인이 보기에는 액션은 과하고 구성이 개연성이 부족해서 모든 연령대를 고려해볼때,..."
2,민주주의 가치를 무시하는 영화와 영화인은 이유불문 배척!
1,중국미화. 이런 영화는 보지도 말자
2,"홍콩 민주주의를 지지한다! 중화사상으로 떡칠한 중뽕 영화들,더이상 보고 싶지 않다!!"
1,뮬란 자체의 작품성은 좋지만 정말 여자주인공 때문에 안보게 된 영화는 처음이네요
1,ㄹㅇ독수리년이 왜대신 활을 맞아주는지 공감 ㅈ도안되고 스케일도 개ㅈOO 주몽드라마급 그나마 마지막 ost가 이수현이부른거가 좋았음
1,댓글 OO하네 백퍼 알바다 여러방면에서 호구되기 싫으면 보지마라
1,여기 중국애들 평점 많이달았네 진짜 재미 1도 없던데
1,Boycott Mulan
1,친중 인권탄압 영화 OUT
1,#FREE HONG KONG
4,영화는 영화로만 봅시다 머야?  ㅈㄴ잼이잖아?
1,응 Hong kong free야 ㅅㄱ
1,큰 실망...
2,이야 진짜 세상 재미없게도 만들었다. 뭐 유역비 홍콩 발언 무시하고 본다쳐도 이건 아니다. 이게 뭐냐 진짜. 애니메이션 재미의 반의 반도안된다. 그냥 영상미랑 유역비 미모에 3점 준다
1,쓰레기 영화
1,"소수민족을 말살하고 코로나 바이러스 원산지인 중국이 건든 뮬란은 볼 가치가 없다. 홍콩, 대만, 위그루등 중국에게 탄압 받는 민족과 나라는 힘내라. 우리도 너희들을 응원하고 독립에 지지할께"
1,내나이 40인데 이런 졸작은 처음 봅니다.. 졸작이라는 말 자체가 아깝네요
1,"다른 디즈니 영화들인 알라딘, 미녀와 야수, 라이언 킹등은 정말 영화가 잘 나왔다고 생각해서 기대했었는데 정말 실망적인 영화...스토리도 너무 다르고.. 그냥 중국 영화느낌."
2,아.... 긴장감 1도  없이 봤습니다....다 보고나니 유역비 코만 생각나네요...
1,노래없는 뮬란....
1,20대 이상 평점 8점대 실화냐 어른이 깨어있질 못하네
1,평은 걍 한 마디면 된다.짱----깨
1,아니 평점 왤케 높냐 다들 생각없이 영화봤나보네 ㅋㅋㅋ세상 돌아가는 꼬라지도 안보고 그저 ㅉㅉ네이버 댓글알바 존나 많네 ㅋㅋㅋ
1,어릴적 뮬란을 기대했지만 이 작품은 그냥 영어쓰는 중국영화네요 정말 재미없어요^^
2,액션 영상미 빼면 아무것도 안남는 작품..견자단 이연걸 그리고 공리의 연기력만 아까울뿐...
1,boycott china
1,Free Hong Kong!!!!
1,저는 공산당이 싫어요
1,알바가 많네..이런 알바는 어디서 구하는 건가요?
1,재미없여
1,홍콩민주화 운동을 욕하는 영화우리 모두 불매합시다
2,이건 공산당 선전 영상인가? 대체....
1,양심있는 언론과 공정한 선거를 위해 싸우는 사람들이야말로 뮬란이 아닐까.
2,"내 어릴적 뮬란은 망쳐놓다니...부들부들무슨 뮬란을 마블 히어로처럼 만들고, 무슨 기(chi)를 초능력으로 둔갑시켜놔써 ㅡㅡ물바구니씬도 제일 좋아했던 씬인데 감동도 없고 감흥도 없디"
2,
1,진짜 와 소리나올정도로 개연성도없고 발음도 극혐이고 액션신도 개 극혐입니다 이런 OOO영화를 만든 뮬란 돈주고 제발 보지마세요공짜로도 안봄 ㄹㅇ 와 퉤퉤퉤퉤 시간아까워라 아 너무열받네 진짜로
1,요즘같은 시국에 이걸 봐주는 대한민국 호구들도 있나? 중국폭력정부 아웃!
1,망해라 망해라 망해라 망해라
5,"차라리 애니를 보는게 이롭습니다... 이럴거면 왜 실사화라고 하는지 모르겠네요. 애니와 완전히 다르고, 게다가 좋은 것도 아닙니다."
5,스토리 개연성이 부족하고 유역비의 연기력도 발연기에 가깝습니다. 그리고 이번 뮬란처럼 중국자본으로 만든 디즈니 영화라면 왠만해선 보고싶다는 생각이들지 않을듯 합니다.
1,"진~짜 오랜만에 최악의 영화를봄 ..뮤직컬노래없는거에 대실망후에, 첫번째전투신는 말도안되고,두번째전투신은 유치하고,황제는 호위병5,6명만 데리고 적진에 들어가서 혼자싸우다 납치되고.. 진짜 어이없어서...영화보는 내..."
1,뮬란이라는 제목이 아깝다...
2,무협 좋아해서 별 줌 노래도 없고 스토리도 이따위냐 액션배우들 뽑아서 그런건가 감독도 남자인줄 디즈니야 ㅋㅋ
1,생각있으면 보지말쟈.
1,봉황을 색종이 2D로 만들어놨네 ㅋㅋ
1,Reflection실사판으로 보려고 갔는데 아예 노래부르는 장면이 빠져있네요?? 하 낚임 마녀개연성 1도없고 전투신 유치하고 여러분 reflection 노래부르는 장면 없습니다.
1,완전 수준 이하의 영화 - 시간이 아까운 졸작
1,코로나 확진당한 패틴슨 존나 불쌍해서 그냥 테넷 보러 간다
1,최악의 실사 영화. 그리고 위구르 인들 힘내세요.
4,"스토리는 이미 아는 내용이라 특별한건 없는데, 흐름이 매끄럽지 않네요.뭔가 나오나 하다가 그냥 끝난 느낌이 듭니다.전투신도 좀 약하고 CG도 좀 약하네요.반역수괴가 엄청 강하게 등장했는데, 뮬란과의 1:1에서 지는것..."
2,없는 시간 쪼개서 디즈니 영화라 기대하며 보러갔는데..내가 왜 그랬을까... 온갖게 짬뽕된 유치한 B급 영화... 내 아까운 시간...
6,음악이 많이 안나와서 아쉬워요
1,"PC를 주도하는 디즈니이지만, 중국 시장은 포기할 수 없기 때문에 홍콩과 티벳의 인권 문제에 대해서는 입을 닫고 있다... 더러운 짱깨머니 그렇게 계속 쳐먹다가 탈 난다"
1,free hongkong free tibet free uyghurs free taiwan Remember the Tiananmen Massacre Mao Zedong and Xi Jinping are dictator...
1,光復香港 時代革命
1,원작 애니메이션 팬으로써 너무 실망스러운 것 같아요ㅠㅠ 원작에서의 캐릭터들과 노래들도 없애버려서 그낭 재밌는 것도 아닌 못 만든 중국 무협영화가 되버렸어요. 액션도 엄청 이상하고 유역비도 표정 하나 변하지 않는 발연...
1,Free Hongkong!
5,ost가 아쉽당..쩜쩜..ㅋ
4,한마디로 별로였다 돈 아까비
6,노래가 별루 안나와서 아쉽다
1,제가 보지도 않은 영화에 평점을 남기는 첫 사례군요. 그러면서까지 이렇게 뮬란에 대해 평가하려는 건 이 영화가 영화 외적으로 남긴 자취 때문입니다. 디즈니에게 묻습니다. 공안의 도움에 감사하다고 했는데 당시에도 처참...
6,노래 뺏건 디즈니의 새로운 시도라고 생각했는데 그럼 더 분위기있고 무겁게 가지 오글거리는 연출과 슬로우.. 는 왜 넣은건지.. 그리고 마지막 결전이 매우 아쉬움...불사조는 음.. 불사조 같지 않고 꼬리가 너무 빈약...
6,원작 파괴까지는 아닌데... 많이아쉬웠다
3,디즈니의 재앙이되버린..
5,개그캐릭터 무슈가 안나오니까 진지하기 짝이없고 액션신도 그냥 그럭저럭
1,이건 아니지... 아니야...
1,FREE HONGKONG
6,전개가 밑도 끝도 없음. 과녁도 겨우 맞추던애가 갑자기 레골라스가 됨
1,Chinese film
2,디아블로 이모탈 이후에 충격입니다
1,free hongkong
10,그냥 유역비  너무 이뻐요영화도 잼나요그냥 중국 빼고 영화.유역비만 보세요 재미있는 영화고 유역비 너무 이쁘네요
1,3류 중국영화보는 느낌
1,디즈니에 아주 많이 실망함. 애니메이션 차라리 보겠음
10,이거 재미없다는 평점 후기 보고 안 보다가 티비로 돈내고 봤는데 아놔.. 너무 퍼펙트하잖아; 진짜 남들 평점에 휘둘리지 말고 내가 땡기면 보는게 정답인거 같음. 정말 최고!
1,생각보다 너무 별로였음
1,
1,평점알바 어지간히도 썼나보네
1,
1,응 그냥 돈주고안봐
1,<요약> 감상포인트 따위 없는데.. 리뷰 등록하기 위해서는 선택해야한다네요 걸러봐주세요..1. 중국 고전 영화 느낌이 많아서 이질감이 많이 느껴짐. 디즈니 느낌이 아니다.2. 정말 수많은 명곡 ost들을 ...
1,이건 내가 어릴때 보던 그 멋있는 뮬란이 아니다 그냥 뮬란이란 이름을 가진 새로운 영화일뿐이다... 돈아까웠다 진짜 이 영화는 유역비 예쁜거 말고는 전혀 아무것도 없는 그런영화임 진짜 다른건 전혀없음 유역비는 예뻤음...
1,디즈니가 드디어 미쳤구나ㅋㅋㅋㅋ
4,"아버지 대신 전장에 나선 효녀 뮬란이, , , , 아버지의 원수를 갚으려는 효자 보리칸을 물리치는 이야기ㅎㅎㅎ 진정한 비극"
1,"주연배우의 표정연기가 압권이다. 황제의 복식, 신하가 황제를 대하는 태도, 궁중예법, 황제가 신하를 통해 칼을 하사하는 일의 의미, 일기토, 뮬란이 타고난 강자가아닌 노력형 강자임을 싹 다 무시하는 설정, 뮬란을 무..."
1,와.. 대박 영화다. 불면증 환자에게 추천합니다. 최고예요. 잠이 솔솔 옵니다. 이거 저예산 족구영화 맞죠? 20년전 영화 같아요. 최고예요. 감동입니다. 유역비 진짜 남자 같아요. 군대에서 족구하는 육군 남성 연기...
1,역대 리메이크 작품중 최악 탑 5에 들어감.
1,ㅋㅋ 아니 알라딘에서 지니빼면 재밌겠냐구 ㅋㅋㅋ
1,디즈니 최악의 망작이다
1,뭐냐 이 수준  저절영화는...차라리 나오질 말았어야했다.왜 명작을 이리 망쳐놓는거냐
2,Free Hongkong
1,정말 재미없습니다 저 평점 처음남겨봅니다 너무 재미없어서
2,디즈니라고 다 재밌는건 아님. 돌려차기로 화살 꽂을때 이미 회생불가..
1,그냥 전형적인 중국영화 스토리도 이상하고 설정도 원작의 장면 각색했다 라고 할 장면이 몇 없는것 같음 이영화는 정말...
1,
2,어릴적 애니매이션을 잼있게봐서 기대했는데...기대를 너무했나...배우들의 어색한 연기도 내용도.... 심지어 ost도 기대에 못 미치는..제목만 같고 모든것이 달랐다..
1,-짱-도 거르는 폐기물 그 자체ㅋㅋㅋ 고딩 영상 수행평가가 이것보단 잘만들겠노~~
2,안봐도 뻔함 최악ㅅㄱㅋ
1,역대급 쓰레기 영화는 오랜만이네요
2,원작  그냥 배끼기만해도  흥행인데 ㅋ배끼끼 잘하는 중국이 왜그랬는지 몰라 ㅋ와호장룡보는중 ㅋ
3,차라리 중국어로 연기를 하지라는 생각이 들기도 하였고 감정과 대사의 깊이가 없었다. 개연성없기도 하고..
1,유역비의 부족한 발연기와 SF물인지 중국영화인지도 모를 스토리는 할 말을 잃게 만들었다. 우리 마녀가 개과천선했어요...
1,디즈니 역사상 최악의 영화
1,내가 아는 뮬란은 여성이라는 신체적 불리함을 현명한 지혜로 이겨내는 멋진 여성이었다. 이 영화는 뮬란이 아니다.
1,개봉전부터 캐스팅 논란. 뮬란 원작자를 무시하는 캐스팅. 영화는 역시 영화일 뿐.
1,그냥 평범한 중국 드라마 같았어요..
1,돈주고 보긴 정말 아까운 영화
2,쓰레기 같은 영화시간과 돈이 아까운 영화 ㅋ
1,"대깨문이 보는 영화 ( 조선족 , 좌빨)"
2,"스케일도 없고, 다 배우들 출연료로 쓴 듯..."
1,내가 알던 뮬란은 이런 썩어빠진 양산형 중국 무협영화가 아니라 주인공이 차별을 딛고 동료들과 함께 성장하는 영화였는데....우리의 추억을 산산조각내지마라디즈니
1,중국 영화 미국에서 중국돈으로 만등 공산당 영화 만화를 망쳐놨어.
2,짱깨국은 싫어하지만 홍콩 영화는 좋아해서 왠만해선 남들보다 잘 보는데 이게 중국에서도 왜 망한지 알겠더라마녀 갑자기 뇌절 왔냐 갑자기 착해진거 보고 어이 상실
1,보.지.마.세.요 ㅎ.ㅎ.
6,이연걸 형님은 오랜만에 봐서 너무 방갑다. 견자단형님도 봐서 정말 좋고 유역비는 너무 청순해서 좋아. 공리누님은 진짜.... 나이가 들어도 어쩜 저리 아름다울까... 이정도의 배우들은 투입했는데. 영화는 뱃사공없는 ...
8,액션에만 힘을 준듯  배우들의 연기는 괜챃았는데... 생각보다 유역비 연기도 괜찮았고~ 황제가 이연걸?? 얼굴 못알아봄 ㅠ 갑자기 등뒤에서 주작날개 CG는 웃음이 나왔네... 뮬란의 히트주제곡이 제대로 안들어가 있어...
10,
8,평점이 1점이 많아서 기대 없이 보긴 했는데 기대를 안하고 뮬란이라고 생각 안하고 보니까 킬링타임으로 괜찮았다ㅎㅎ  유역비의 표정연기가 어설프지만ㅠㅠ
4,"봉황의 날개가 유역비의 등뒤에서 솓아나는 듯한 연출은 실소가 터져나왔다...어이를 상실하는 전쟁, 전투의 개연성과 연출...스토리? 아직도 기대해??"
4,유역비를 위한 영화인가..유역비 팬은 꼭 보시길..그러나 진정 뮬란을 보고싶다면 절대 보지마시길..
1,돈이 아까워요 돈 내고 이걸 볼 바에 원작 보는 게 더 나아요
1,"이걸 영화관까지 가면서 봐야됨? 뭐만하면 여자, 남자 거리고 내용진행도 소설 사이트 가서 봐도 자주 보이는 거기서 거기인 내용전투씬만 볼거 아니면 그냥 웹소설이나 봐라 무료로 끝까지 보게 해주는 소설도 잘 쓴건 이것..."
2,영화에선 명예를 강조하면서도 원작의 명예를깍아먹는  최악의 영화.그냥 중국 스타일의 판타지 무협영화물란의 원작 스토리는 야사를 바탕으로 하는데이건머 처음 부터 끝까지 원작을 능욕한다.지방영주가 황제의 명을 받들어 전...
6,점점 산으로 가는 디즈니 실사화.갈수록 너무 뻔히 보이는 PC강박과 다양한 가치를 나열하는 패턴. 원작의 변주가 아니라 새로운 영화를 내보였으면 매력적인 요소를 주어야할텐데. 그 유명한 주제가는 엔딩크레딧에 배치되었...
1,별로입니다 보지마요 제발
1,처참하다... 개연성... 캐릭터 설정부터... 위구르 이슈까지...
6,영상미랑 액션은 나쁘지 않으나 서사의 부족과 인물의 매력을 너무 못살려낸게 아닌가싶어요
1,디즈니 좋아하긴 하는데 이건 쉴드를  칠수가 없다 ㅜ
1,걍 진짜 유치하고 발연기가 심함
1,연출 스토리 개연성없고 전부 최악! 디즈니사에서 동양문화를 모르는듯 무슨 서양 마녀가 나오고 갑자기 대신 OOO 것도 웃기고 원작 뮬란은 여자의 몸이지만 지혜로 이겨내는 모습인데 영화 뮬란은 그냥 개쌉무림고수 운기조...
1,"공감안댐, 중국 내수용 영화. 하지만 중국이라 망할일은 없다."
2,애니 실사화라고 하지마.. 그냥  뮬란이라는 무협영화를 만든거자나..  기대이하라는 말로는 부족함..  기대한 나에 대한 자괴감을 느낄만한 영화임
1,0점을 줄수가 없어서 어쩔수 없이 1점드립니다
1,내가가장좋아하는뮬란은역경에도굴하지않고성장하는건데이건뭐..엑스맨인줄파닉스뭐임
1,중국똥꼬빠는 돈 OO 역대 최악의 디즈니 영화중 하나
1,뮬란을 만들랬더니만 논란을 만들어놨네ㅋ  실사화면 2D에서 3D로 끌어올리기만 하라고
4,이연걸과 엽문 주인공이 나왔는데.. 이연걸 비중이 넘 작았다. 이연걸을 되게 좋아하는데 이연걸인줄도 몰랐다 ㅠㅠ 마녀의 죽음도 허망하고 마지막 악인의 화살 띡 잡는것도 유치하고.. 로맨스도 없고~~ 문제는 차라리 중...
1,이 영화를 볼 이유가 없다
1,디즈니가 만든거 맞음? 보는 내내  의심했다..
1,세상에 스토리며 연출이며 제대로 된게 하나 없어...
1,와우 이렇게 허접할 수가... 구도 음악 연기 스토리 다 너무 엉성합니다. 절대 비추. 애니를 망쳤어요.
2,별점 0점은 없나요? 진짜 반도보고도 재밌다 한 사람인데 이건 쌉노잼 영화 이렇게 만들지 마세요
2,후반 전투씬이 부실하고 쓸데없이 러닝타임만 길고 최근에 본 영화중에 최악이었다
1,이런 영화는 다시는 나오지 말아야 한다 노잼
1,"그냥 짧게 말하면,중국여자영웅물."
1,"디즈니가 동양권에 대한 이해가 전혀 없는것 같네요. 이해도 없고 이해할려고 노력도 안했네요. 공리,이연걸,견자단 이런배우들을 데려와서 어떻게 이런영화를 만드나요? 특히 공리배우한테 무슨짓이에요? 원작이 훨~~~씬 더..."
1,1점 주기도 아까움 제발 시간 아끼세요..
1,"별점을주기에도 아깝다. 이건디즈니영화가아니라 더러운짱깨영화잖아!아악!! 위험하다, 코비드19가 벌써부터 모니터를 감염시키고있다!!! 그래도 나름 잘만들긴했어...짱깨디자인으로해서말이야,난 별로야..백퍼를 7대3으로 ..."
1,올해 골든 라즈베리는 정해졌군
1,"이 망작이 현재 관람객 평점이 8.23이라는 게 빡친다....무슈가 없는 거부터가, 이 영화는 망작일거라고 이미 예측했었다"
9,걱정했는데 멋있게 잘찍었네요.
7,스케일만큼은 화려하네요~
1,유역비 뮤비한편 보고나옴 ㅡㅡ
8,아무 기대안하고 봤는데 영화 자체는 괜찮았어요 마지막에 홍후이가 뮬란에게 중매쟁이 보낼줄 알았는데.. 쿠키에 없어서 아쉽네요 둘이 잘되는거 보고싶었는데 ㅠ
1,추억속의 내 뮬란 돌려놔 !!!
2,"1. 처음부분-마지막부분만 뮬란, 중간은 마블영화           2. 굳이 뮬란이 아니라 '여전사', '기' 같은 제목으로 붙여도 전혀 문제없다           3. 호크아이가 열심..."
5,돈이 많으시면 보세요전 나름 혹평받는 졸작도 돈은 아깝다는 생각은 안했는데 돈이 참 아까움 디즈니에 대한 기대가 너무 컷나디즈니가 아니라 우베볼이 만들었으면 9점은 줄 듯
7,볼만합니다 그냥 간만에 극장에서 봣읍미다 정치색을 떠나서 ㅋ
7,다른건 몰라도 액션은 시원시원하니 멋있었어요
8,넘 감동적인 영화였어요ㅎㅎ
9,재밋던데용 걱정 안하셔두 됩니당~~
7,재밌긴 했는데 아쉬운 부분들이 좀 있긴 함 ㅋㅋ
7,아직도 생각나는 설산 전투신+_+
8,집중하여 잘봤습니다 액션신들은 진짜 좋았습니다ㅎ
9,이런 영화는 큰 스크린으로 봐야 더 재밌게 볼 수 있듬
9,시간 가는줄 모르고 봤습니다 생각보다 재밌네요
8,이런 스케일 크고 웅장한 영화는 영화관에서 봐야 제 맛
7,간만에 극장에서 재밌게 본 영화ㅋㅋ
3,ㅈ장ㄱㅐ생각하면 이가 갈리는데 영화에서도 ㅈ장ㄱㅐ연넘들 보면서 스트레스 받을 필요 있겠는가~~~
1,불매하라고 왜 보냐고 답답이들아
1,내 시간이랑 돈 내놔 ㅋㅋ
2,내가 뭘 본거지???? 엔딩크레딧 올라갈때 비로소 뮬란을 만났다. 그마저도 잠깐
2,와 이걸 보는 사람도 있구나;;
1,디즈니 아니었으면 절대로 보지않았을 영화. 그냥 답없음.
1,"이물감, 화려한 찌꺼기"
1,중국몽을 꾼 디즈니의 최후.
1,내평생 본영화중 가장 쓰레기 별점이 8점대라는건 국내의 흉노족들이 많아서 그럼 정말보고싶다면 극장말고 무료다운받으세요 오히려 이런걸볼정도면 영화 제작사에서 돈을 관객에게 줘야할정도임
1,우한영화답다 중국애들이 평점장난치는구만
1,"유역비 연기 진짜 못하고, 초반에 티나는 와이어 액션 보고 아 역시 했다."
1,정말 너무너무너무 재밌었어요 연출도 아주 좋았어요 특히 배우들의 연기는 압권이에요 이것은 마치 16부작 드라마 1부를 본 기분이랄까 님들도 꼭 봐요 이건 봐야 알아요
1,제돈주고보면진짜화딱지날영화네요
1,착한짱깨= 죽은짱깨 멸공중공
1,디즈니만 믿고 봤었는데 오랜만에 시간이랑 돈이 아까운 슈렉이 영화를 봤다... 디즈니가 만든거 맞나요 정말...??? 감상포인트는 그냥 배우들이 인기 많고 비싼 배우들이다 빼고는 전부 개슈렉...
1,"OOO 망작. 애니메이션버전을 워낙 좋아해서 그렇기도 하겠지만 애니를 먼저 안봤다고 해도 정말 저급 디즈니 영화.과하게 조잡한 중국 무술과 연출, 어설픈 중국 문화 끼워넣기, 과도한 각색.시간낭비였다 정말"
1,보이콧 차이나ㅏㅏㅏㅏ
1,도데체 먼소린지..공산당 홍보 영화 인가요?뮬란은  원래 우리민족 조상인 북방기마 민족 설화에 나오는 인물인데  이렇게 외곡 되나요
8,옛날에 살던 여자들은 진짜ㅠㅠ 대단쓰...
7,무슈가 없어서 아쉽지만 그런대로 재밌게 봤습니다
2,아니...이거 일본이 한국민족말살 정책 하는거 정당화 하는 영상이랑 같은건데...왜보시는거죠...중국 진짜싫어
1,이딴 쓰레기 영화가 8점?
8,내 관점에서는 상당히 괜찮은 영화였다
8,새로운 뮬란을 만나고 온 기분ㅎㅎ
9,논란만 아니여도 인기 많앗을것 같다. 잘만들었음
1,"애니의 감동은 어디다 버리고, 산으로 가는가"
1,이 영화를 보고 단 한가지 생각이 들었습니다. 아 그래서 이러는거구나... 나도 외쳐야지 타이완 넘버원!!!! 내돈 내놔!!!!
6,확실히 돈을 많이 쓴 티가 나긴 하더라구요
1,"뮬란이 망한 이유는 보이콧과는 전혀 상관없음. 아무리 디즈니 가족영화라지만 이야기와 구성 자체에서 수준이 너무 떨어짐. 동양미를 살린 것도, 화려한 무협을 선보이는 것도 아닌, 진짜 서양애들이 어설프게 아시아권 표현..."
1,이거보고 너무이상해서 원작 다시봤는데  원작이 그냥 잼다
1,음..재미없음디즈니영화중최악
1,최악입니다. 중국이 싫어서라기보다 그냥 영화자체가 형편없습니다.
1,관람객 평점 높은거 머야
1,중국인들이 왜 한국에서 영화보고 평점 남기냐?
1,쓰래기는 쓰래기통에
1,최악의 영화 노답 중국인들만 좋아하는 영화
1,나는 공산당이 싫어요Free  hong kongTaiwan no.1Free tibetFree  wegure
1,free tibet free hongkong
1,진짜 내가 본 디즈니 영화 중에 최악이었음. 디즈니 느낌 전혀 안나고 싸구려 중국 무협 영화인줄. reflection 때문에 1점 준다 진짜
1,디즈니 실망이에요...
1,10만명이나 본거야? 창피하다~
1,어떻게 디즈니까지 사랑하겠어..중국을 사랑하는거지..
1,8.27 실화? 네이버도 중국에 돈빋음..
1,무슨 이딴영화를 만들어놨담진짜 돈낭비 시간낭비하는 저같은 피해자가 안나오길 바라는 마음에 이글을 씁니다
1,"보이콧뮬란, 홍콩의 민주화를 응원한다"
9,재미없다 해서 안볼라햇는데 재밌네요난또 평점보니 미키마우스 들이 검들고 나와서 싸우는줄
1,인생 2시간 낭비했습니다
1,영화가 짜장범벅
1,관람객 평점이 어떻게 8.32 점인지 이해가 안됨 ....그냥 진짜 쓰래기임 ! 돈주고 이걸왜봄 진짜 개망작 ..연출도 쓰래기 영상미도 쓰래기  그냥다 쓰래기 !!! 내가 본 영화중에 최고로 재미가 없음 !
1,"저런 영회 볼 시간 있으면 차라리 전국노래자랑이나 미스터트롯, 사랑의 콜센타 보는게 훨씬 더 웃기겠다."
1,최악. 뮬란 망쳐놈;;
9,결말이 넘 맘에 들어요 리플렉션 노래도 넘 좋아요
1,이거 디즈니 영화 아니구요 걍 중국 국뽕취한 영화 보는내내 너무 빡침 원작 망치고 공산당 영화로 만들어놓음 불사조는 도대체 왜나오고 매는 나중에 걍 어이없이 OO 황제는 궁극체임
1,친중out 친중out 친중out
6,디즈니 영화가 아니고 중국영화네~  누구 잘못이냐?  중국자본이 끼어들었나..? 재미있던 영화들이 중국이 끼어들면서 꼭 망가지더라...신파극을 꼭 넣어야하고 그러다보니 억지스러워지고...아무튼 ~ 디즈니영화 아니고 ...
1,8점은 아닌것같은데...? 주작아님?
1,이거 보느니 차라리 미스트를 2번 보겠다.
1,원작도 재미없었는데 더 재미없어짐
1,홍콩 경찰 많이 지지 하세요ㅋㅋ유욕비씨ㅋㅋㅋ욕 많이 드시고요ㅋ
2,영화 안본 사람이 승자! 볼거라곤 유역비 비주얼말고는 없음. 제작비는 다 어디로?
1,Taiwan Number one!!!
1,방금 미사 메가박스에서 뮬란을 보았습니다.일단 뭘 본거지 싶습니다. 연출 : 전체적인 서사의 개연성이 떨어집니다. 왜 이렇게 행동하고 이야기가 전개되었는지 애니매니션보다 러닝타임은 긴데 전달력이 떨어집니다. 쓸데없는...
1,뭐 다들 알고 계시듯 별로입니다 뭐 더 설명이 필요합니까?
1,당황스러울 정도로 재미 없었어요 ㅠㅠ원작과 내용이 완전 다른데 완전 이상하게 바꿔놨어요..
1,"중국공산당억 아부하려고 검열받고, 애니에서 중요한 씬은 다 잘려나간 졸작"
1,원작 애니메이션을 보고 기대했다면 완전한 실수임. 특히 기존 디즈니ost와 뮤지컬 스타일의 연출을 기대한다면 무조건 안보는게 후회를 안함. 스토리라인도 완전히 갈아엎어서 추억할거리도 없으며 개인적으로 평가하자면 겁나...
1,영상은 잘 만든거 같지만 애초에 너무 원작에서 배제한게 많고 유역비 말고도 남배우들도 홍콩 경찰들을 지지한거에 어이가 없음.안볼꺼임 제발 보지마세요 궁금해도 보지마세요..뉴스에서 그렇게 화제가 되었고 SNS에서도 논...
1,영상빼고는 봐줄게 없다 심지어 배우들 연기도 구린편그리고 영화를 넘어서 이 시국에 중국 빠는 애들은 머리에 뭐가 들었을까
1,디즈니 영화라기보단 중국에서 만들었는데 영어로 말하는 그런 영화같은데 정말 보는 내내 재미는 당연히 없었고 주인공때문에 거부감도 생겼네요 ost도 별로에요
1,돈 주고 보면 흑우라서 어둠의 경로로 봤는데최악임 배우와 재작사의 논란 때문에 불매가 시작됐지만 망한 명분이 생겼기에 디즈니 입장에서 감사해야 될 수준임원작과 너무너무너무 달라서 보고 당황했음원작의 뽕에 취해 실사화...
1,그냥 짱깨 홍보영화;; 재미도 없음
1,처음부터 끝까지 안지루한적이 없는영화!!
1,그냥 이시국에 이 영화를 보러 간 사람들도 정상은 아닌듯 ㅋㅋㅋ
1,최악 그자체 그냥 테넷 또보는게나음
1,Free hongkong!!
1,이런영화가 박스오피스1위라니..그저웃는다
1,디즈니 영화라는 걸 정말 부정하고싶었습니다. 어디가서 디즈니 작품이라고 하지마세요;;; 디즈니 영화에서 노래 빠졌다는것도 놀랐습니다 우리가 뭘 잘못했길래~~다음부터는 제발 이러지마세요...
1,조잡해서 집중이안됨..
4,Refelction 노래가 없는 뮬란은 뮬란이아니다!!
1,"만화 뮬란이 일억배 더 감동스럽다. 내용도 이상하고, 왜 평점이 8점인지 이해할 수 가 없군..."
1,논란과는 상관없이 노잼
1,디즈니”뮬란”영화라고 생각하지말고 그냥 중국x디즈니 콜라보 무협만화로 봐도 무방함.1.뮤슈 영화 등장X (중국은 용을 신성시해서 웃기게 나오는걸 반기지않아 뺐음)2. 디즈니 음악ost X 전쟁에 몰입을 위해 뺐다는데...
1,뮬란이란 이름만 빌린 중국영화..
1,전투씬도 지루한 영화...
1,#반뮬란 #보이콧뮬란 보지맙시다
1,캐스팅 기준이 뭘까 연기력 아님 액션?스토리..  모든것이 최악 평점이 거의 1~2점인데 8점대는 어떻게 나온거임
1,///공백 채우기///
2,친일파가 독립운동영화 찍는꼴
2,중공이 개입한 중뽕 영화는 당연히 믿거지
3,디즈니가 중국몽에 빠졌을 때
2,"시간이 아깝다. 영화 시작부터 기대감이 뚝. 연기, 연출, 영상미, 스토리 등 만족할만게 없음"
2,뮬란 보는 ㄷ ㄷㄱㄹ 이 있네.좀 알고 보자. 닝간들아. 추접한 영화 보지말자
2,솔직히 2점도 아까웠다.. 영화는 총체적 난국; 이렇게 만들거면 실사화 그만둬라 디즈니!! 보고 난후 짜증이 치밀어올랐다 ! 차라리 애니메이션 그대로 따라만 해도 영화 평가가 이렇게 까지 최악은 아니었을 것! 해외에...
1,시간과 돈만 날린느낌 ㅋㅋ
2,초반에 CG보고 뭐지.. 했는데.. 지루한 부분이 상당이 많이 나왔어요..불사조.. 나올때마다 오글오글했어요 ㅜㅜ볼만한건 액션부분만 있었네요
2,"미국인들은 자막없이 봐야된다는 그런 자부심 때문인가? 중국배경에 영어더빙은 그야말로 최강 언밸런스입니다. 씽크도 잘안맞고,부자연스럽고...더군다나 액션이 그리 뛰어나지도 않습니다. 이영화보고 난 생각은 그냥...내가..."
4,디즈니 애니메이션 중에서 제일 좋아하는 뮬란의 실사판.. 애니메이션의 그 감동이 하나도 느껴지지 않아서 너무 아쉽습니다..
2,수준이 드라마 수준? 디즈니가 이정도  수준으로 영화를  내놓다니 ? 대단히 실망스럽다?진짜 평점안바들아 ? 영화나 보고 별점을 줘라?삼류 애니메이션  수준 ?
1,이게 8점대라고?? 진짜 중국에서 파견보낸 조선족들이 이렇게나 많다고?? 미친나라다 ㄹㅇ
1,#BoycottMulan#보이콧뮬란#불매뮬란#뮬란불매#뮬란보지마세요절대로 피해자인 홍콩인들을 비하하지 마세요
2,신장위구르 공안에 감사하냐?  홍공 공안에도 감사하고?  에잇 퉽퉤퉤퉤.
1,이거 본 짜장 숭배자들 진짜 노답이다 중국의 개들 ㅉㅉ
1,이걸보느니 집에서 잠이나 자겠다. 데이트한답시고 영화관가서 기웃거리다가 예매하는 실수를 범하지마라 제군들.
2,
1,전라도 짱깨몽 재앙적인 영화
1,내가아는 뮬란은 이게 아닌데;;그냥 쭝국영화네
1,노잼이다 무슈 내놔 열자열자
1,"주연배우는 홍콩 폭력진압에 찬동하고 제작진은 신장위구르 자치구에서 주민들을 인권탄압하는 지역공안과 손잡은 쓰레기영화^^ 대한민국 국민들은 홍콩, 신장위구르, 티뱃의 자유를 응원합니다"
1,아 진짜 생각할수록 열받아서 리뷰 지우고 다시 씀. 아니 진짜 영화 이게 뭐하자는거야  나도 여자거든? 근데 내가 봐도 역겨울 정도로 아주 피씨로 도배를 해놨네. 피씨고 페미고 나발이고 좀 정도껏 해야될 것 아니냐고...
1,OOO기 짱꺠 영화 카악 퉷
1,엔딩 크레딧 나올때 틀어주는 Reflection만 듣기 좋음
1,볼 가치도 없는 영화;;;
6,"미안해 디즈니... 이건 실드를 못치겠어ㅠㅠ너무 오바스럽고, 마지막에 전투씬은 웃음참기하느라 너무 힘들었다.."
1,시간 가는 줄 알고 봤습니다.
1,trash 짱깨 영화입니다.
2,와..소문난 잔치에 먹을게 없다.
2,"와... 감동도, 재미도, 연기력, CG도 모두 별로인 영화...쟁쟁한 배우들이 영어에 신경 쓰느라 감정 이입에 실패했는지..뭐 하나 뛰어난게 없다... 믿었던 디즈니가 그 어려운 걸 해내네...관람객 평점 8.65..."
2,디즈니감성이 없어요 ㅠㅠ.. 알라딘보고 진짜진짜 기대했는데 차라리 알라딘 재개봉 해주세여..영화관사운드로 또 보고싶네요
1,"평론가 평점 - 이물감, 화려한 찌꺼기 - ㅋㅋ"
1,free hongkong
2,"이게 뮬란이야?? 그냥 양산형 짱깨 무협영화지?애니메이션 뮬란 기대하고 계시면 보지마세요왜 무슈는 삭제했는데 뜬금없는 불사조는 넣었나 했더니막바지에 오글거리는 연출 때문이었고, 설산 전투씬은손에 잡히는 건 뭐든지 무..."
2,영화 내내 노래 한곡 안나옴 // B급 짱깨 영화임 // 액션도 개구림 // 애니 뮬란에 먹칠함 //  그나마 유역비가 이쁘게 나옴 ♡ ♡ ♡ ♡
1,중국입김이 너무 많이 들어간 것 같음.. 뮬란 진짜 좋아하는데 아쉬움
1,설마 그렇게 재미없을까? 이런 마음으로 봤다간역시나
2,애니의감동이있을거라생각하면후회함. 디즈니 실사판중 최악...
1,너무너무너무너무너무너무너무너무노잼
2,설마. 극장에서 돈내고 봤다고?
1,;;;
1,"감상을 안할거니까 평은 됐고, 홍콩, 대만, 신장, 티벳의 자유와 독립을 지지하며 보이콧뮬란에 동참!  뮬란? 몰라!"
1,"내가 이 영화를 보이콧하는 이유는, 배우가 중국 출신이라거나, 뮬란이 중국 배경인게 싫거나 미워서가 아니라, 미국인이라는 사람이 민주주의를 버리고 정치성 발언을 함부로 놀린것도 모자라 독립운동 시위를 창피한 폭동인것..."
3,그냥 중국을 홍보하는 무협영화.
10,
9,평점보고 보지말까했는데 재밋게잘봤어요. !!
1,이거나 무라 마이 무라 세번 무라
10,별로라는 댓글이 많아서 기대하지 않았는데 역시 디즈니임 굿!!!
10,"저는 잘 봤어요,  리뷰 보니 안좋은 의견들이 엄청 많으시네요~ ㅎㅎ"
8,"문슬람 새끼들 별점 테러 한거보소? 영화나 봤냐 이 그지새끼들아?? ㅋㅋ 중국몽과 우한폐렴은 격하게 환영하고, 중국탄압은 반대하고 니들은 이중성을 넘어서 그정도면 자아 분열아님? 하긴 문재앙의 더불어 만지당 지지하는..."
1,보이콧!보이콧!보이콧!보이콧!보이콧!보이콧!보이콧!보이콧!보이콧!보보이콧!보이콧!보이콧!이콧!보이콧!보이콧!보이콧!보이콧!보이콧!보이콧!보이콧!보이콧!보이콧!보이콧!보이콧!보이콧!보이콧!보이콧!보이콧!보이콧!보이콧!...
2,와 어떻게 뮬란을 이렇게 졸작으로 민들지ㅠㅠㅠ 영화관에서 심히 놀람
1,1점임.. 타이완 넘버1
9,뭐 원작 평가 구설수 이런거 신경 안쓰고 보명 그냥 재밋는데요 여주도 연기 잘하고 노래 없는것만 아쉽고 볼만합니다 !!
9,실사판 영화중에서는 스케일고 ㅏ퀄리티는 손에 꼽히는 ㅋㅋ
9,생각보다 재밌게 봐서 만족함ㅎㅎ
1,그냥 OOO영화임..내돈ㅜㅜ
1,문제있는 뮬란은 불매해야하지
1,하....뭐지...
1,유치
1,???뭔영화인가요 정말로 .. 수준이 낮네요
1,"고증실패,중국영화 특유의 과장되고 유치한 액션,특히나 뮬란 애비로 나오는 배우가 시진핑과 너무 비슷해 매우 불쾌.한마디로 중국시장잡기위해 디즈니가 영혼을 판 부끄러운 영화.다 차치하고서라도 원작과 비교해서도 너무 재..."
1,토착짱개가 조아할만한 영화
1,음.. 갈수록 산으로가는 디즈니.
1,관전 포인트 태세변환 오지는 서브남주 + 급 감성팔이 시전하다 뻔하게 OOO 마녀 + 잊을만 하면 쳐 기어나오는 불사조 + 왠만한 병사들 보단 힘이 쎈 뮬란 + 뮬란 한명 때문에 설산에다 폭탄 던져버리는 미련한 적군...
1,다들 1점 주고있는데 8점 이상 나오는 상황이 영화보다재밌다
1,착한짱깨들은 오직 죽은 짯깨들이다. 착짱죽짱
1,"재미와 감동, 스토리 모든 것 하나 빼놓지 않고 다 놓쳤음.."
1,그냥 전형적인 중국영화. 디즈니 영화라는 타이틀을 달고 있으면서 그 뮬란의 좋은 OST를 다 빼먹음. 영화 내내 하나도 없고 엔딩크레딧에만 넣어놓음. 영화의 전개도 개연성은 밥말아먹어서 진짜 쌩뚱맞고 연기도 어색하고...
1,와 중국 무협 느낌을 떡칠했네 보다가 유치해서 어이없어서 웃었다.. 뮬란이라는 작품에 중국풍 똥을 뿌려놨어
1,보지마 후회함 돈 아까움
1,홍콩시민 대가리깨는 유역비는 빨갱이
4,"전 그냥 유역비 외모를 좋아해서 봤어요.근데 예전만(초한지:천하대전, 천년유혼) 못하더군요. 공리도 젊을땐 그리 이뻤었는데 별로더군요. 한국에서 의료과학기술의 혜택을 받았었더라면 좋았을텐데.... 작품성은... 사실..."
1,그냥 중국스러운 영화 그 이상 이하도 아님.
1,그냥 영화만 보면 디즈니 영화인지 모를 듯... 중국 무협 액션 영화 그 이상도 그 이하도 아님... 솔직히 기대했는데 정말 실망했음. 내 뮬란 돌려내 디즈니...
1,
1,무협액션영화
1,배우들이 날라다니니 제작비도 날라가게 생겼네..디지니 만에 특색 전혀 없는 중국영화
1,공산당의 돈과 명예가 덕지 덕지 발린 영화. 영화로 정치적 판단을 하지말아라구요? 유역비 발언을 곱씹어 보세요 ^^
1,"기승전결 아주 개판이고 스토리도 말 같지도 않게 만들었으며, 이걸 볼 바엔 차라리 파워레인저를 다시 본다. 파워레인저의 스토리가 훨씬 탄탄하고 흥미진진하다. 별점1점도 아깝다. 감상포인트를 골라야 한다고 하는데 고를..."
1,뮬란 실사화를 통해 건질 건 수현의 reflection 밖에 없었습니다...
2,개돼지들 이 영화 많이 보러갔네ㅋㅋ평점보소ㅋㅋ 중국은 꺼지고 free Hongkong
1,정말 보는내내 시간이 아까웠다...원작이랑 느낌도 다르고...에휴
1,유치뽕짝 이다..후반부로 갈수록 후
6,거짓말한 죄책감에 시달리던 뮬란이 머리풀고 캡틴 차이나 되는 영화.
1,"유역비 얼굴밖에 볼게 없었고, 마지막에 황제가 화살잡는거 보고 빵터졌음."
1,알바들 역겨워서 못살겠다
1,뭔가 미지근한 물마신 기분
1,중국몽스러운 고증안된 짜장영화
4,씨발 10점따리 알바새끼들 진짜...
1,홍콩과 위구르 사람들에게 미안해진다 중국 돈맛에 미친 디즈니
4,돈아깝습니다..보지마세요..재미없어요
1,애니메이션이 백배는 재밌었다
1,개허접한 중국 무협일뿐이다..
1,스토리 액션 둘다 별로 게다가 주연배우가 중국공산당을 옹호하는 짱꺠 말 다했지
6,유역비는 특A급이지만 연출과 구성이 C급으로 뮬란 에니메이션 원작에 충실할려다보니 이미 미국드라마를 넘어선 대작 중국드라마는 고사하고 중국 웹드라마 1회분 수준도 안되는 뮬란의 액션과 스토리로 매우 허접해 중국 현지...
10,대박!!기대안하고 봤는데 시간 가는지 모르고 아이들과 잼나게 봤어요^^
1,세상에ㅋㅋ 박평식 평론이 인정 받는 영화라니ㅋㅋ 쓰레기 같은 평론가보다 더 쓰레기 같은 영화라는 거지... 뭐 박평식도 쓰레기인 건 변함 없지만...
10,이영화를 끝까지 본 나에게 10점을 줍니다....
2,노래빼고는 남는게 없네요
6,그래도 나름 잼나게봄화 주~운! 화뮬란씨의 연기는 좀 아쉬웠던걸로.. ㅋ갑작스런 공리의 희생은 좀.... 원래 뮬란 이야기가 길지않지만 뭔가 디즈니 출신이여서 만든느낌이랄까.. 뭔가 2프로 아쉬움
10,완전 볼거리 많고 재밌기만 하더만 재미없단분 이해가 안가요 꿀잼!^^
1,free hongkong
5,이 영화가 무엇을 보여주려는지는 보면서 도무지 알 수가 없다. 하나를 얘기할거면 그 하나만 얘기해야 되는데 괜시리 첨가한게 너무 많다. 액션 또한 그닥 화려하지 않다. 원작 애니를 보지 않은 나로서는 무미건조한 영화...
1,이 영화는 다음과 같이 요약된다: 뮬란이 발차기로 화살쏘는 영화
10,
1,중국 자본에 굴복한 미국의 히어로물이 합쳐진 스토리도 없고 개연성도 없고 감동도 없고 제대로 된 것이 하나도 없는 영화 ㅋㅋ
1,이것은 디즈니 영화인가 그냥 영어 쓰는 중국무협영화인가... 효의 효자도 모르는 서양 감독이 뭘 알겠냐만은 너무 여성성에 몰두한듯;; 그래도 지가 만드는 영화가 무슨 내용인지는 공부를 좀 했어야 하는거 아니냐? 거기...
6,그냥 뮬란 에니메이션을 보게끔 하는 영화
1,"박평식:이물감, 화려한 찌꺼기이건 ㅇㅈ"
2,영화가 보여주는 가치관 페미니즘 다 너무 구시대적이고 이런게 2020년 영화라니..디즈니에 실망이네요..게다가 감독이 센과치히로를 좋아하는건지 그 만화를 보고 고증을 했나보네요.. 2010년즘 개봉했으면 공감하고 봤...
10,재밌게 봤는데... 왜 평론가나 기자들은 비평하는지 모르겠음.
1,돈아깝다 진심으로 ㅋㅋ
8,리뷰들 쭉 읽어보고 고민하다가 명작이고 직접보는게 낫겠다 싶어서 봤는데..대체 별로네.. 개연성이 없네..엔딩이 뜬금없네 등등 얘기하는 사람들은 진심 어느정도 되야 재밌다고나 할 사람들인지 모르겠음. 아주 베스트 무...
1,14년전에 만들어진 황후화는 450억이라는 제작비가 들어갔는데 어마어마한 퀄리티를 보여줬는데 이영화에 2300억이 들었다는게 너무 놀랍습니다. 그래서 그 놀라움에 1점 드립니다.
2,ㅇㅔ휴....OO 한숨만연출그지같음
10,
6,원작이 더 나은듯... 살짝 지루한듯.. 디즈니 영화답게 영상미나 ost는 기대이상
5,"유역비 커여워 ㅋㅋ 확실히 미국산 짝퉁 맞네. 비상식적으로 억압적인 집안과 맹목적으로 추종하는 가문의 명예, 전혀 비과학적인 설명으로 점철되는 기 등등 전형적으로 동양에 대한 스테레오 타입에 입각한 서양에서의 시각으..."
1,배우섭외부터 마음에 안 들었다만.그래도 디즈니니까 재밌겠지하고 봤던 내가 잘못이다.그냥 뮬란이라는 작품을 망친 영화.
1,다 떠나서 유역비 연기 개못함. 특히 무표정은 예나 지금이나 똑같음.
7,원작을 안보고 봤습니다. 일단 배경이 거대하고 웅장합니다. 중국만의 느낌을 받을 수 있어서 좋았습니다. 그래도 영화 디즈니의 다른 실사 영화들처럼 ost가 중간에 들어갔으면 더 감동적이고 좋았을 것 같다는 생각입니다...
8,재밌게 봤네요 잔다르크 중국버전
2,내돈.. 내가아는뮬란은 분명아님 . 뮬란 생각하지말고 볼것
1,Free hongkong
2,..이게 뭐시다냥 일부러 더빙으로 봤는데도 화나는 스토리...
2,이거만든사람들 또라이들인가???
1,한국은 중국이다 중국이랑 한국 병합하고 하나의 중국이 되자!
1,원작 어디감? 아 중국 감?ㅎ
1,그냥 중국 억지 무협 영화. 노잼. 디즈니가 아니야! 중국은 멸망해야 한다!
1,생각보다 별로입니다ㅜㅜ
1,최악최왁최악최왁최악최왁
2,더럽게 잼업어 드럭다더러워
2,중국 무술의 거품을 알게 되고 이런 류의 영화는 도저히 몰입이 안 됨
1,진짜 역겨운 중공 영화 그냥 불매가 답
1,원작하고 다른영화
2,원작 애니의 발톱 만큼도 못 따라가는 망작.  유역비 말고는 볼게 없음.  스토리 개연성도 없고  뜬금없이 웬 마녀가 나오지를 않나.
1,FREE HONGKONG
4,SoSo~ 스토리 망함.
4,잘 만든 영화라고는 못하겠는 이유가 스토리가 너무 빨리 지나가버리고 딱 기억에 남는 장면이 없어요. 뭔가 에피소드들이 자세히 묘사되고 연기와 대사가 더 감동적이고 인펙트 있었으면 좋겠어요.특히 음악을 수단으로 알라딘...
10,
2,그닥 굳이 볼 필요성이 있나 싶음
1,
1,원작 안 보고 만들었네;
1,CG는 조악하고 원작의 짧은 스토리에 뭘 그렇게 넣고싶었던건지 유치찬란 내가 제일 사랑하던 뮬란을 디즈니 사상 최악의 영화로 남게 하다니 화가 날 지경 감독이 쉽게 만족하면 안된다고 다시 생각이 듬 뭘 믿고 자기 ...
1,굳이 보이콧 안해도 일단 재미가 없어서 똑같은 결과일듯...
5,흉노랑 싸우는데 뭔 병력이 10명씩 다니는지 코로나 때문에 10명이상 싸움 금진가? 원작에 한참 못 미치는 결과물
2,중드보다 못만든 디즈니 무비. 디즈니 중국싫어하는구나.
1,굳이 원작을 바꿔야했으면 재미있게 바꾸던가마이너스 평점이 있다면 좋았을것을...평하기도 아까운 ...??
9,"악평이 많아 고민하다가 보게 되었다.  결론은 꽤 잘 만들어진 영화이다. 가끔씩 눈물도 찡 고인다. 또 유역비도 참 아름답다.  디즈니, 짱깨, 공산당, 등 개 잡소리 집어 치우고, 영화만 봤을때, 결론은~~ 재미 ..."
2,이럴꺼예요 정말...
4,"뭐, 나쁘진 않았는데 개연성이 없고 무엇보다 원작보다 별로임."
2,아진짜..vod도 아까움 킬링 타임용으로도 자격미달 진짜 최악
2,"노잼이다 진짜,,, 망작이네"
2,
2,"보는 내내 디즈니 뮬란을 보는것인지 중국에서 나온 무협 영화를 보는 것인지 구분이 안갔어요. 노래를 빼서 그런지 음악으로 스토리를 풀어나가는 디즈니의 장점이 하나도 보이지가 않고, 삼국지보는 느낌이에요 ;;;;"
1,시간낭비...재미없네요
1,엔딩 크레딧에 대놓고 땡스 차이나라고 나오는 중뽕 저질 판타지 무협 영화.
1,이거 볼바에는 중국 무협영화 한번 더 본다
2,왜 디즈니 주식이 곤두박칠쳤는지 체험 할 수 있는 대목.
2,일단 스케일도 너무 작고마녀며 황제며 나중엔 헛웃음만 나오네요
4,만화 뮬란이 훨씬 잼있습니다
1,디즈니의 오점으로 역사에 기록될 것
7,킬링타임으로는 볼만하나 동양세계를 억지로미국인의  시각으로 봐서 좀 불편했음무술장면 전쟁장면은 볼만하나스토리나 세계관 장면 묘사는 불편하였음디지니에서  여성과 백인위주가 아닌 주인공들을 내세우는 건 좋지만 아직까지는...
5,유역비나 다른 인물들 연기는 좋습니다. 다만 알라딘 실사를 생각하고가면 내용면에서 그리고 원작과의 몰입이 많이 떨어집니다. 중국의 간섭때문인지 감독때문인지 뮬란 자신의 고뇌와 너무 아름다운 원작 노래가 배제되어 있습...
6,감독이 뮬란을 실사판으로 만들기에 역량이 안되어 보인다.  남성감독보다 못한 여성감독의 감수성!
6,유역비 보는맛에 그나마 끝까지 본 듯하다
8,원작 비교 안하고 보면 좋음!
4,"유역비, 공리, 견자단..배우들의 연기와 액션은 좋았으나, 빈약한 스토리와 유치한 전개로 별로 추천하지 못할 영화가 되버림 7세이하는 재밌게 볼듯"
7,액션도 시나리오도 괜찮았다 그런데 영어를 써서그런지 애니메이션과 다르게 좀 어색한느낌이 있었다
7,어린이 관람가의 한계. 부족한 액션신과 어설픈 설정. 디즈니라는 배경을 벗어나야 제대로 만들어질 작품.
4,이게 그 유명한 시집가라니깐 아버지 갑옷 새뼈들고 튀었다는 그영화입니까?
2,연출 연기 스토리 영상미는 그럭저럭인데 내용이 넘 잼 없음 ㅠㅠ
4,솔직히 애니메이션이 넘사벽이였음 기대는 별로안함
6,기억에 남는 유일한것이.. 유역비가 미인이다 정도?
1,아주 재밌게 봤네요 강추합니다
1,
1,한마디로 같잖은 중공영화
1,철저하게 원작을 파괴하고 마블히어로로 재탄생한 듯한 뮬란..원작애니를 재밌게 본 기억으로 그것을 기대하고 가신다면 큰 실망하게 되신다
1,"NO! MULAN, BOYCOTT MULAN! 보지 않습니다! 예매하지 않습니다!"
1,디즈니 실사 영화 중 최악.기존 중요 캐릭터들 없애고 배우들을 너무 허무하게소비함.무슈 실사 어떻게 할까 기대했는데...
1,중공짱깨들의 영화는 역시 믿고 거르셔도 됩니다 ^^
1,최악.. 디즈니 역대급 망작
1,평점이 왜 이리 높지?  중국인들 장난질이냐!
2,Taiwna no.1
1,ttttewerfwefewfwfefewf
8,실사판 뮬란은 캐릭터 미모가 찢었네ㅋㅋㅋ
2,이번 디즈니 뮬란실사판은 애니메이션으로만 기억해도 될듯.. 개연성도 뚝뚝 떨어지고 유명하고 좋은 ost도 없어... 더군다나 샹도 안나옴 ㅠㅠ 그나마 볼만한건 전투신임
1,정말 많은 질문을 던지는 영화다...왜 많은 돈을 투자해서 이딴걸 만들었을까? 정녕 이렇게 만들수 밖에 없었을까? 관람객과 기자&평론가 평가는 왜 이리 좋은걸까?
1,원작에서  말 하고자는 가치관 을  전혀 볼수 없고 그냥 그런 영화
1,최악 그자체 그냥 테넷 또 보는게나음 크~윽
1,disney작품 맞나요?
1,최악.다른 단어로 표현할 방법이 없다.
1,Ost가 부족했고 걍 중국인들이 좋아할만한 중궈 무협 영화 넷플릭스 틀어서 에니메이션 뮬란 보세요.
1,ost도 안나오고 디즈니 영화가 아니라 중국 무협 영화 한편 본 기분이네요... ㅡㅡ
4,애니보다는 못 하지만. 참는 자에겐 복이 있나니.
1,0점입니다반대입니다재미없아요
1,관람객 평점에 댓글알바를 풀은 것이 분명함. 이게 어떻게 디즈니 최고의 영화냐 돈받아먹은 알바야.
1,그저 ^짱^
2,개취인데 난 이런영화별로고 중국냄새 너무나네
1,보는계속 무슨 냄새가 나는가 했는데 짜장냄새 엄청나네ㅋㅋㅋ 중국돈좀 쓰지마라 디즈니야
1,와 진짜 재미없다..최악
4,ㅠㅠ...마녀설정만이랑 유역비만 빠졌어도 중간은 갔을듯
2,와. 내가 좋아하던 뮬란이...
1,잤습니다
8,생각보다 훨씬 재밌음 만족
1,
1,엄복동에 비견하는 쓰레기 영화..감상포인트를 선택하는게 죄짓는 느낌.
9,실사만의 매력이 확실히 느껴집니다~^^
2,별1개도 아깝다ㅡ이게 왜 2위???
8,평이 안좋아서 걱정했는데 막상 보니 나쁘지 않더라ㅋㅋ
9,두려움 없는 용기는 없다. 이 대사 너무 좋네요ㅎㅎ
7,역시 대사들은 진짜 감동이야
2,솔직히 이거 디즈니 아님짱깨 자본 들어간 삼류짱꿔영화임 우리나라로 치면 디워나 라스트갓파더급 진짜 졸려 OOO줄 알았내ㅋㅋㅋ
9,이런 류의 영화를 좋아함
7,"실사, 애니메이션 각각의 매력이 있네요"
6,중간에 뮬란 여자로 밝혀질때 내가 다 떨림ㅋㅋㅋㅋ
8,황궁 스케일만큼은 진짜 띵작 ㅋㅋ
8,영상 연출이 너무 좋앗어요~~
2,갈수록 재미없어짐 소재빨 아니었음 망작
2,"홍콩 탄압 그만 하세요 go to hell , china"
3,"중국어를 잘 모르지만 유역비가 얼마나 연기가 부족한지 몰라도 충분히 알수 있던 작품. . .표정이 무슨 AI 인줄 ..  감정표현도 얼굴에서 드러나야하는데 . . . 얼굴만 뮬란과 비슷하고 연기는 바닥, , 전투신과..."
2,그냥 중국무협영화.뮬란을 억지로 중국버전으로 만든 느낌
6,원작을 보신 분들이라면 대실망!!
2,평점들이 이렇게 낮은데 평균평점이 8점대라고..?네이버...?
4,기대를 해서일까... 스토리도 연출도 별로임..
2,아이들이 어렸을때부터 유독 좋아해서 개봉하는 영화마다 꼭 꼭 챙겨보곤 했는데  그렇게 저도 애들하고 같이 좋아했던 디즈니가 이번만큼은 정말 실망입니다.
6,아 ~~~무 생각없이 심심할때 시간때우기 용도로 봐야됨 글고 유역비는 순하게생겨서  뮬란역에 안어울림 판빙빙이나 대역배우가 훨나을듯
2,반도WIN...!!
4,"비빔밥을 만드려다 결과적으로 개밥이 된 영화. 액션, 드라마, 코미디 있을 건 다 있는데 뭐 하나 만족스러운 건 없네요. 차라리 10년 전쯤 나온 실사영화가 훨씬 좋았어요. 그 영화도 그냥 볼 만한 정돈데 재평가를 ..."
4,디즈니 공장이 중국 소비자를 위한 맞춤 상품인데... 좀 유행 지난 옷을 입는 느낌.
1,이걸 왜보냐 ㅋㅋㅋㅋ 이와중에 영화관가는새GI들도있네
2,오랜만에 정말 재미없는 디즈니영화
1,보이콧이고 뭐고를 떠나서 망작임 테넷이나 보러가요
1,내가 쓰는아까운돈이나 누가돈을버는방식이나 아무튼 돈이얼마나 더럽고 치사하고 소중한지 깨닫게해주는 디즈니의 성인영화
1,투트틔투튀트투티투퉤
6,시아니앙을 못살린게 너무 아쉽다~~ 여성 서사도~~
1,$2억 으로 어떻게 이따위 쓰레기 졸작을 만들 수 있지?  딱 B급 짱깨영화 수준
7,지루할틈은 없었습니다
7,무슈 없는건 너무 아쉽당ㅠㅠㅠ 그래도 볼만했어
8,걱정이 많았는데 막상 까보니 나쁘진 않더라구요
8,유역비 안어울릴줄 알았는데 보다보니 적응되고ㅋㅋ좀 아쉽긴한데 이미 나온걸 어째.. 재미없진 않았으면 된거지ㅋㅋ
5,다른거보다 주인공이 연기를 너무 못 함
8,시아니앙을 좀 더 잘 살렸음 좋았을거같음
6,재밌긴 했는데 아쉬운 부분들이 많네요
8,두려움 없는 용기는 없다
9,평점 왜 낮은지 모르겠다 ㅋㅋ 애니메이션이랑 똑같은의도지만 약간 다르게해서 나오는게 있고 앞부분은 오글거리고 cg도 이상하다 하지만 전체적으로 영화는 재밌고 괜찮게봤다
8,아쉽지 않다면 거짓말. 그래도 이정도면 나쁘지 않았다!
4,관객들두 없었고... 그냥 무술 장면만 지루하지 않았어요...
4,"너무 실망했습니다1.디즈니 특유 뮤지컬 요소가 없다는점없어도 ost라도 풍부했음 했는데 전혀..영화관에서 보는 메리트가 없음2.뜬금없는 인물 추가, 개연성 몰입감 떨어트림굳이? 주인공에 집중하는게 훨씬 나을텐데3.표..."
6,음.. 일단 기대하고 보면 안되요 디즈니라서 귀염뽀짝 아름다움 따위없음... 액션좋아하면 보세요 그리고.. 연기 못해서 감장이입 안되욥.. 진짜 액션 좋아하는분만 가서 보세요 저는 기대를안하고 가서 볼만했음..
8,디즈니 영화라고 생각안하고 보면 볼만합니다!
8,그냥 눈호강 하기에 좋았는데...
8,뮬란 애니본지 오래되서 그냥 애매한 영화보는거보단 재밋었음. 뮤슈 안 나온건 아쉽긴하지만 그냥 원래 애니 뮬란스토리가 재밋는 스토리라그런지 그럭저럭 괜춘
2,이시국에 돈주고이걸왜봐
9,원작 뮬란과 다르게 주체적 여성상을 잘 묘사하고 있네요 유역비가 머리풀어 헤치면서 화준에서 화물란으로 변모할때 진짜 감동 전율....
9,기대를 안하고 봐서 그런가 볼만은 했어요. 다만 디즈니 느낌이 빠졌어여.. 뮤지컬이라고 생각했는데 뮤지컬이아닌 중국 무협영화같았어여.. 또 아쉬운건 남주랑 로맨스가 있는건지없는건지 ㅋㅋㅋㅋ
2,디즈니 덕훈데 의리로라도 끝까지 보려 했는데 끝내 보지 못했습니다... 스토리가 너무 이상하고 개연성도 없고
2,최악. 그냥 듕궉 무협영화 본느낌.
2,와씨ㅠㅠ 참고 볼라해도 꾸벅꾸벅잤다... 디즈니 미녀와야수 알라딘 라이온킹 까진 좋았잖아... 내 뮬란 돌려주라 ㅎ... 앞에 세작품은 실사화 잘 했는데 진짜 뮬란은 역대급 망작임 ^^... 그레이트 월을 보는듯한 ...
6,뮬란 애니를 워낙 좋아해서 기대하고 봤는데... 조금 실망했어요. 디즈니답게 영상미는 정말 좋지만 스토리 개연성이 많이 떨어졌습니다. 어? 갑자기? 읭? 한 장면이 몇 개 있었어요. 몇 캐릭터의 연기도 조금 아쉬웠습...
4,평식좌 일갈 ㅋㅋ
2,
2,taiwan no.1
1,원작 파괴까진 이해하겠는데 파괴한 부분에 대한 설명이 부족하고 개연성이 전혀 없음
1,쉽게 말하면 재미없음. 비추천.
2,"예전에 에니메이션으로 나왔을때 뮬란 재미있게 봤는데, 이번에는 스토리도 너무 떨어지고ㅠㅠ 등장하는 캐릭터들도 너무 달라서  실망이 컸어요ㅠ"
2,별 하나도 아까워요 디즈니가 미쳤나봐요
2,그냥 집에서 보는 티비물임 더 할말 없네~
2,이걸 볼바엔 성냥팔이 소녀의 재림에서 짜장면 난사씬 1시간 반복재생해서 볼란다 ㅋㅋ
2,"너무화가나네요ㅠ 무슈와행운의귀뚤이두없고 노래도없고, 디지니스런 그런 뮤지컬스런요소도 하나도없고,명장면들을 이렇게밖에표현할수없었나요.. 아버지대신떠날때 그비장함과 그 대장과동료한테 인정받는장면도 설산의폭파신이며..황제..."
4,중국 영화 중화민국 찬양하는느낌
1,
4,평점알바 대가리 밖아라
4,디즈니 영화가 아니라 그냥 중국 무협 영화 같아요...기대한 작품이였는데ㅠㅠ
1,","
2,"감독님 이건 아니잖아요. 원작과 제작진들이 불쌍할정도로 한심했어요. 마녀는 뭐고 홍위는 뭔가요. 불사조는 또 뭐예요? 맥거핀인가요,,?? 전개가 너무 당황스럽네요. 원작보다 나은 리메이크까진 기대 안해요. 책임감이 ..."
6,아 기대했는데 6개월을기다렸는데요렇게 망쳐놓다니ㅜㅜㅜ
2,각본을 조금 수정하자면1. 사실 마녀와 황제는 남매인데 너무 마녀의 힘이 강해서 버려진거였음 그래서 복수를 꿈꾸다가 나중에 뮬란과 힘을합쳐 불타는 매=불사조의 형상을 하고 적을 물리침2. 다른 동료들이 있기보단 스파...
1,....중국. 이상 설명 끝.
2,여러가지 의미에서 별로
2,잠자다가 깨고 잠자다가 깨고 영화보다가 피곤하긴 처음이다
1,
1,시진핑핑아 밥먹자~
8,
1,이것도 영화라고..ㅉㅉ
2,...이걸 그 거금 주고 많들었단 말야??
2,"뮬란, 애니메이션을 기억하고 있는분들이라면 추천안합니다.스토리도 많이 다르고 나오는 캐릭터도 많이 달라요. 그냥 중국액션 영화 한편 본다고 생각하시면 됩니다."
2,디즈니  ㄷㅣ질 ㄹㅐ?  내 돈 아까워..
4,그냥.. 상당히 허접스럽다
9,디즈니실사시리즈들과 방향성이다르긴함.뮤지컬적인요소+철처한원작고증이 덜함그렇다고해서 평점테러받을정도로 혹평받을정도는아니였음 개인적으로 재밌게보고옴
2,왜 한류가 위대한지 이 영화 한편으로 너희들은 자금심을 갖게 될거다 .. 돈만 있으면 우리나라는 전세계 제폐하는데 무리가 없다.. 대단한 영화다 이영화 한편으로 우리가 저질 코미디 막장 쓰레기라고 불렀던 C급 영화들...
4,진짜 딱 이렇다할 포인트도 없고 애매하다...
4,에바 개연성집에두고온듯 애니메이션을 기대절대하지않아야함 개실망
4,디즈니가 중국 하청받아 중국입맛에 맞게 만든 영화...
2,정말 저 디즈니 영허ㅏ 제일 좋아하는데 이건 심각할 정도로 재미없어서...돈날린갓같았어요 이럴거면 뮬란 애니메이션을 다시 볼걸그랫네요
4,먼저 중국무협을 좋아하는 사람으로써 중국판무협영화치고 매우 잘 만들었다..하지만...디즈니가 제작회사고 애니 원작과 비교하면..최악..알라딘과 라이온킹 등 실사판과 비교하면 정말 최악..디즈니를 잊고 원작을 잊고 걍...
4,원작보다 어엄청 별로구요.디즈니에사 만든거라 어쩔수 없지만 중국의 역사배경과 중국배우들을 대부분 쓰는데 기본적으로 영어를 쓰는 자체가 집중이 안됬고 무엇보다 뮬란 아빠 시진핑 닮아서 기분 나빴음...유역비만 이뻤!
2,애니명작을 이렇게 부숴놓은것도 대박인대 특히 유역비 연기못함이 언어를뚥고 디즈니도뚥고 하늘까지뚥고튀어나옴ㅋㅋ 이거실화냐?
4,"중국 배경의 디즈니 영화 보러 갔는데 촌스러운 중국 영화만 한편 보고왔다.뜬금없는 마녀의 등장이나 멍청한 적들, 괜히 오버해서 강조하는 비장함은 어이없기만 했다. 몰입도 재미도 감동도 아무것도 없었다."
3,왕이 화살도 맨손으로 잡는 연걸형님인데 구하러 가는 설정은 좀 그렇네요아버지 역할은 시진핑님이 직접출연하셨네요
3,위구르족 문제도 있지만 영화 자체가 생각보다 너무 재미가 없네요. 유역비는 예전 이덕화랑 신조협려 찍을때가 마지막 전성기. 디즈니도 실망. 감상포인트를 강제로 지정해야하는 네이버는 뭐임
8,"국뽕, 신파, 90년대 감성, 시대를 반영한 여성 지위 향상, 거기다 살짝 들어간 스타워즈 포스, 반지의 제왕의 환타지, 여러가질 뒤섞은것 같지만 영상미는 수준급, 잔잔한 ost는 여성상 반영과 격한 전쟁씬을 가라앉..."
4,연기는 잘하는데 기존 뮬란이랑 내용이 다름. 그냥 카피 영화라고 보면 될듯함.
2,"한국엔 국뽕, 중국엔 짬뽕이게 얼마짜리 공산당 찬양영화야?"
5,훈련신에 ost가 안 나온거랑 꼭대기 올라가는 장면이 없어서 너무 아쉬웠네요. 너무 돈을 쫓은 느낌이 나서 마음에 안 들어요. 이번에 디즈니 좀 혼나야돼요
4,뮬란의 아쉬움을 쿵푸팬더로 달래봅니다..
8,뭔가 중국느낌이 너무 많이나고옛날 뮬란 애니에있던 내용이 많이 변한거같아요:..그래도 잘 봤습니다 디즈니 영화답게 시간은 빨리갔습니다
2,돈주고 보기 아까움.킬링타임용으로 적당.
8,딸과 재미있게 봤습니다
2,여러분 노재팬은 눈에 불을키고하면서 노차이나는 왜안하심??^^
2,이곳에 처음 써봅니다.. 이 영화가 평점 8점이라니.. 어처구니가 없네..중국과 유역비의 정치적 편견을 떠나 영화자체로만 봐도 허접 그 자체인데..
6,나쁘지 않고 압도적인 장면들이 꽤나 있었다
2,원작과는 많이 다르네요
8,설산 전투신이 잊혀지질 않는다
6,유역비는 너무 이쁘지만.. 내용이 실제 뮬란일랑 너무 다르고 너무 빠까서 보면서 울뻔함.. ㅠㅠ 왜 이렇게 만들었을까... 좋은 영화를 왜 이렇게 망쳐놨을까.. ㅠㅠ
1,나중에 '중국자본이 영화계에 준 부정적 영향'이라는 논문에 예시로 나올만한 영화다. 혹시 이게 보고싶다면 주먹 씨게 쥐고 머리를 세대 때려라 그리고도 봤다면 12대를 더 때리고 방에 콕 박혀있어라 난 ...
6,
5,진짜..재미없었음ㅠㅠ 논란되는 부분 제외하더라도 디즈니라 퀄이 괜찮을줄 알았더니.. 스토리 개연성 부족에 원작이랑 겹치는 씬도 거의 없고. 무슨 황제구하는 씬도 참... 그냥 중국이라 배경만 예뻤음. 이 시국에 굳이...
2,이게 뭔가요. 원작도 좋은 내용은 아니지만 디즈니가 망가지네
2,기대는안했지만정말실망이네요.원작의캐릭터를다망쳐놨네요.유역비연기도너무지루하고영상미도기대이하고연출을어이가없게없네요.유역비외캐릭터도장면도나오다마네요.자막없어도될정도의스토리에.그냥중국제작중국영화라해도무방할듯요.요즘중국영화c...
2,개봉하자 마자 봤는데 디즈니 작품 맞나요...??ㅠㅠㅠ디즈니에선 음악이 나오는데 음악이 안나왔다는 점이ㅠㅠ유역비 얼굴이 다한듯
2,뮬란이 뭐 이래. 뭔소리를 하고 싶어?
2,"디즈니 영화는 ost듣는 맛으로 봐서 원작 ost가 좋았던만큼 기대하고 봤는데 기대 이하네요,,,reflection노래 안나와요...그리고 원작보다 스토리도 적어요..항상 믿고봤던 디즈니인데...실망입니다ㅜㅜ"
2,평점에 속았습니다. 8점이라니 말도 안됩니다. 영화끝나고 바로 평점 2점줬습니다. 다들 참고하세요.
2,스토리 개연성 없습니다재미 없습니다이해 안됩니다저만 보기 아깝습니다
2,죽고싶냐? 이게 8점대 라고?
4,뮬란 근력 ㅆㅅㅌㅊ..스토리는...
2,예상되는 뻔한 스토리에 감동없고 반전없고 노래없고 재미없고 액션장면은 15년전 중국 무협영화수준 이게 디즈니에서 만든거라니... 믿을수가 없네 배우들 연기는 괜찮은데 캐스팅이 전체적으로 실패..
1,
6,아.... 넷플릭스로 원작 다시 보러간다.
3,아... 이럴거면 디즈니영화라고 하질말던가.. 이것이 무슨..이 무슨..
2,디즈니 실사영화 중 제일 재미없다
1,.너.무.재.밌.다.
4,이거 그냥 영화관 가지말고 집에서 다운받아볼까 형들??
6,차라리 원작을보세요^^;;
3,"머리 속에 '디즈니'와 '뮬란' 이란 단어를 빼고 보면,이게 뮬란인지, 디즈니 영화인지 모를 그냥 킬링타임용 중국 무협 영화....느낌"
2,유역비  연기 개못하더라.pc짱개  둘다 잡을려다가  둘다 말아먹은 영화.알라딘이 그립더라
6,억지스러운 부분이 많고 유치하지만 원작 모르고 본다면 볼만한것 같아요.. 그래도 역시 대규모로 제작되서 그런지 액션씬은 좋았어요. 근데 뮤지컬 영화였으면 중간중간 허전한 부분을 채울 수 있었을 것 같은데 노래부르는 ...
6,개연성을 생각하고 보면 안됩니다! 그냥 아무생각 없이 봐야합니다.왜냐면 생각하고 본다면 재미가 없어요...디즈니가 ㅄ보존법칙에 충실한듯 마블로 돈번거 다른거로 날리는구나
2,족구왕 뮬란....피닉스 스파이크!!!!그냥 옛날 중국 무협영화에요 뮬란은 개뿔ㅋ
2,이게 뭐지 한 영화 ㅜㅜ 노잼
4,보다가 저도 모르게 잠들었네요.
2,무슈없애고 짱개머니처먹은 영화 개연성 ㅈ 도없음
6,제작비를 쏟은 티가 나긴 하네 ㅋㅋ
2,힝 공리보러갔는데 억지스러운전개ost도하나도안나오고액션신도너무뻥도심하고
2,내 2시간 돌려내라..
6,그냥 그래요!~~~~
2,개연성은 어디 밥말아 먹었는지... 원작의 그 군데군데서 반짝이는 재기발랄함은 온데간데없이 사라져 모든 매력이 없어져 버렸다. 그냥 영어하는 중국영화. 그렇다보니 중국영화 특유의 황당한 전개와 액션으로 참으로 왜 굳...
6,옛날 중국인들은 영어로 대화했나보구나 ㅎㅎ
2,이거 평점 8점이 넘는게 말이되나..?알바를 대체 얼마를 쓴건가요..진짜 이게 디즈니라는게 믿기지 않는 연출.연기.각본. 다 말도 못하게 허접합니다 이런걸로 알바좀하지 마세요보는 사람 돈내고 보는건데 속고보면 기분 ...
6,"원작이 조미료를 잘못 뿌렸네. 마녀의 변화에 대해 설득력도 없고, 뮬란이 뜬금없이 갑옷 벗고 각성할땐 손발오글. 원작의 진취적인 여성인 뮬란을 무협지의 영웅 서사로 만들어 놓음. 멋진게 아니라 유치함"
1,
4,디즈니 노래 극중에 노래가 없다는게 아쉬워요
2,애니 원작을 이렇게 망칠수 있다니...정말 돈 아깝네요.
6,기대많이해서인지...쫌...  여주 엄지원닮았음..ㅋㅋ
6,좋아하는 배우였는데 여러모로 안타깝네요. 영화는 적당히 볼만했구요. 뮬란 원작과는 조금 다르긴합니다
6,재미는 있었다....근데 마녀가 등장할때는 엄청 뭐 있을거 같이 해놓고 너무 허무하게 죽었다영화 알라딘이 훨씬낮다
4,
2,아니 만화가 1시간30분인대 2시간짜리로 뭐를 만든건지 뭔가 뮬란에서 웅장하게 표현한것들 싸그리 다 짜르고 그냥 개연성을 만들기위한 짜집기? 해놓은것 같은? 유역비도 별로 연기 못하고 중국영화처럼 오글거리게 날라다니...
6,
1,"이걸왜봐.. 짱꿔를.,ㅡㅡ"
4,억지스러울정도로 주인공 버프 너무 심함.... 개노잼 원작 애니 생각하고 보시면 백프로 후회합니다.
2,사상 최악의 퇴보. 장점을 빼고 단점을 추가한 희대의 망리메이크
4,딱 중국영화. 알라딘보고 기대하고 봤다가 개실망
2,유역비때문에 안 봅니다
2,"아이들이랑 같이 봤다는 인간들은, 너네 아이들에게 민주주의와 독재, 인권탄압에 대한 몰지각한 인식을 심어줬다고 생각해라."
6,디즈니 영화가 아니라 중국무협영화임 디즈니영화 인가 싶었음 디즈니 영화중 가장 아쉬움이 많이 남음 중국배우들 어설픈 영어 아쉬움
6,중국영화인데 영어로 말하니 어색함
6,"노래 없죠, 무슈 없죠, 조상님들 없죠....없는게 더있는데 너무 많아서 못적겟다...근데 유역비 액션은 좋아요"
1,월트디즈니의 최대의 실수
6,와...  진짜 너무 기대했었나봅니다.원작 본 사람들이면 다 실망한다에 한 표 던집니다.
2,중국에서 만든 삼류 무협 영화 같네요애니는 애니로 끝내야 할듯..
1,시작20분에 나갈까 심각히 고민...오글...개노잼제발 그냥 애니메이션을 다시 보시길ㅠㅠ
2,디즈니 덕후인데 역대 최악의 영화인듯. 영상미도..ost도..감동도..스토리도 다 별로임. 볼건 유역비 미모뿐.. 정말 지루함
6,일단 스토리가 부실. 차라리 중국출신을 감독으로 했었으면 어땠을까 싶다. 서양인이 끌어가는 중국얘기인데 원작과 너무 동떨어져서 기대치에 못미친다. 영상미는 좋다. 장소도 그렇고 의상 분장 등 대작스런 아트가 참 멋졌...
2,이런영화는 안보는게 답.
6,차라리 중국어로 연기했으면 더자연스러웠을까?
2,
2,제작진 중에 어싸일럼 직원 숨어있는거 아니져?
6,연걸이형 많이늙었네...
2,와 진짜 영원히 안만들었어야 했을 영화네
6,1. 이 영화 재밌는 점: 여성에 대한 편견을 깨고 인간 자체의 가능성을 드러내고 발휘하게 하는 원작 내용이 워낙 훌륭하다. 그것 자체로 감동은 크다. 뮬란이 원작에서 부상으로 여성임을 들키는 모습에 비해 이번에는 ...
2,인면수심수미친거짓미치광이...지옥갈놈...
2,"디즈니 무비라는 생각이 들지 않을정도로 음악이나 영상미가 부족한 느낌, 그냥 중국에서 만든 중국영화 같은 느낌이다."
1,차라리 애니메이션을 한번 더 보시는걸 추천드립니다^^ 티켓값 아끼세요
6,내가 알던 뮬란은 이런게 아니었는데... 스케일 보면 제작비는 많이 꼬라박은거 같지만 그냥 좀 이상한 중국영화가 나온듯
3,논란이고 나발이고 OO이고 영화 자체가 재미가 없어요 뮬란이란 이름을 가진 다른 영화임
1,진심 처음으로 달아봄 ... 뮬란 실사를 보고싶다면 보지마시길.. 차라리 애니메이션을 두번 세번 보겠다는 생각뿐..
2,디즈니가 미쳤구나 싶었어요.
6,중국배경에 중국배우인데 영어로 만든 불편함에 주연배우의연기력은 마치 키아누리브스의 연기력부족으로  도대체 저아일 왜 주연으로 썼는지 의문이드는ㆍ ㆍ지루해서 잠잘뻔ㆍ월트디즈니의 실수투성이
4,"디지니 실사 기대했는데, 뮬랸은 원작이랑 좀 다르고 포인트가 좀 어긋난거 같아서 별로였음. 유역비는 이쁨"
6,지루하고 무미건조함..유역비 외모만 볼만함. 다들 연기력도 그닥
3,작가의 창작세계에 이물질이 끼어들면 어떻게 엉망이 되는지 잘 보여 준 영화... 다양한 감성과 근거가 부족하여 삭막하고 메마른 충성만을 보여주는 영화... 한 20년 전에 나왔으면 먹힐 듯
5,우리가 사랑한 뮬란은 어디로 갔는지..그냥 원작 다시보세요! 캐릭터도 사라지고 재미요소도 없고 스토리는 엉망이고 주인공은 영어로 이야기하는데 배경의 작은소리 엑스트라들은 중국어로 말함. 감독이 원작을 보긴했을까 싶음...
6,디즈니팬이자 유역비팬이면 팬심으로는 볼만함 ㅎㅎㅎ
4,송승헌 차버리고 헐리우드를 택한 유역비는 망할 각 이였음.
8,뮬란 원작 떠나서 옛날 중국 무협영화 본다 생각함 재밌어요... 공리 멋쪄요~
2,중국사람들이 영어쓰는거부터 노잼의 시작
8,좋아하는 배우들이 많이 나왔지만 분량이 너무 적어서 아쉽네요
2,전투신약하고 마녀 갑자기 왜죽나악역도 어이없이 죽고스토리약하네요유역비 이쁘게 보여준영화
2,평정도 공산당어이없음
6,안봐서 6점 드립니다
5,"헐~ 어설픈 패미니즘 끼워넣기! 중국 전쟁인데 유럽식 전투, 건물들도 짬뽕 참 잡탕이 됐네"
5,스토리가 너무 빈약하고 개연성이 없다. 억지이다. cg라도 쓰지 중국 전투인데 사람이 너무 적게 나온다. 황제의 근위군이 30명 정도 나오는게 말이 되냐. 유역비라는 여배우가 이쁘게 나오고 몇몇 장면은 멋진 사진을 ...
1,절대로 보지 맙시다. 전세계 민주주의를 짱개화 시킨 시진팡과 홍콩경찰들~!!돈 만 쫓아 공산당과 홍콩경찰의 강경진압을 옹호한다는 유역비~!!정말 실망이다~~!!!
1,이게 어떻게 1위야?? 평점 1점도 아깝다.
1,"디즈니꺼라 기대했지만 애니메이션보다 못하고, 스토리도 너무 재미없어요 노래도 안나오고 기대햇던 캐릭터들도 안나와서 대실망; 연기자들은 좋지만 너무 아쉬움"
4,디즈니에서  일부러 욕 먹으려고 만든 영화같아요배우들이 이름값을 못하네요... 단  영상미는있는 영회네요 ㅠ.ㅜ
2,"형편없는 졸작. 스타워즈 7,8,9편 느낌이라고 보면 됨"
2,내용 도 없고  중국b급 영화네요 영화비12000원만 버렸네요 역시코로나 중국인 비춥합니다
1,
1,
1,평점 주는것도 아깝네요돈은 할인받고 2장 1500원 줫는데시간이 아까워죽겟네요영화 보는 중에 평 남깁니다절대 절대 절대 보지마세요인터넷에 풀려도... 이런거는 보는게 아닙니다!!
1,근데 뮬란이 영웅인데 왜 홍콩 경찰 지지한 유역비가 주연임?? 중국의 영웅 뭐 그런건가??? 글고 개노잼..진짜
1,ㅋㅋ 50대 이상 평점봐라 ㅋㅋ틀딱 알바들 풀었죠ㅋㅋ
2,중국 국뽕으로 만든 영화
2,작품은 4.0정도 인데 중국에서 왜 보이콧 했는지 알겠네요.한국에서도 보이콧 해야 됩니다. 일본 소니필름이 미쳤네요. 뮬란을 일본역사로 만들어 버리네.
1,엉성한 유역비 연기와 지루하고 재미없는 망작 애니 뮬란이 더 스토리 있고 재미있었다는~~~
1,영화 보는 내내 영화관 의자에 머리박고싶어짐요. 뮬란보고싶어지는 영화입니다
1,디즈니작중 잴 평범하고 허전하다. 유역비 왜케 못샌기게 나오냐;
4,양산형 중국산 무협영화
6,유역비가 좋았어요. 메디브는 공감이 잘 안됨.
1,이게 뮬란이냐ㅋㅋ 이건 뮬란이 아님 ㅋㅋㅋ
1,화준~ 화준~ 만 귓가에 맴도네..남는게 없는 영화
1,감히 디즈니의 망작이라고 말하고 싶다 ... 원작의 감동이 1도 없고 스토리의 개연성도 긴장감도 하나 없듬 ... 이렇게 재미없게 만들 줄 .. 헐 ... 대체 ost는 왜뺀거임?
1,"자유를 갈망하는 뮬란을  홍콩경찰을 지지하는 유역비가 연기한다는 것부터 망했지만, 스토리는 더 실망입니다."
2,0점 주려했는데 최하점이 왜 2점으로 설정돼 있는거냐?
2,뻥도 적당해야지중국스러운것은 우리 정서와 아직인듯
6,또 다른 뮬란을 만나고 온 느낌
1,얼렁뚱땅 넘어가는 전개 무술 스토리 영상미 다 기대에 못미침특유의 디니지 유쾌한 전개가 아니라 그냥 중국영화간간히 나오는 주작은 꺼졌으면
1,신장위구르 탄압 짱깨공산당에 굴복한 디즈니. 쪽팔리지도 않나? #보이콧뮬란 #boycottmulan
1,돈에 눈이 먼 디지니의 아부 향연
1,왜 봄? 홍콩 경찰 옹호하는 사람인데
1,평점10=알바 이게 팩트
1,보이콧 하기 이전에 디즈니의 영화 느낌이 전혀 없어요.설화를 바탕으로 한 영화였으면 설화처럼 하던지 아니면 뮬란의 애니메이션을 그대로 가져오던지..이도 저도 아닙니다. 차라리 예전에 중국에서 만들어진 '뮬란 ...
1,이게 뮬란이냐 어이가 없네
2,뮬란부 시진핑 아님?? 그래서 1점
1,이렇게 재미없게 만들수 있나 싶다. 보이콧이고 뭐고 어차피 망할 영화였다.
2,애니를 보고 노래와 비슷한 감성을 기대하고 봤다면 저처럼 실망할거같네요 ㅠ 디즈니 영화는 무조건 괜찮다는 제 기대를 깨버린 너무 아쉬운 작품.. ㅠ
1,"노래가 빠지다 보니 거기를 매꿔주는부분이 투박해 흐름이 끊깁니다. 액션도 80년대 홍콩영화수준이구요.. 무엇보다 뮬란의 그 특유 깨방정, 말괄량이느낌이 전혀 나오지않았네요. 디즈니 실사 그만했으면 해요 ㅠㅠ"
1,free tibet free hong kong
1,FREE HONGKONG
4,여주 임팩이 많이 떨어짐. 유역비는 와호장룡 장쯔이에 비해서 많이 쳐짐. 영상미도 없고 전투씬도 별로고 그냥 영어 쓰는 중국 영화 같음. 극장에서 봐야할 이유가 없음. 디즈니가 극장에서 개봉 안한 이유중에 노잼인것도...
1,물란은 어디갔나....너무 재미없어요
1,보이콧 뮬란 프리 홍콩 프리 티벳
1,중공 선전선동 개조작 영화다 ㅉㅉ
1,
1,디즈니 새ㄲ1들짱깨자본/배우+뷰지감독이 다 망쳤누 ㅋㅋㅋㅋ
5,
1,No jam Taiwan number 1
1,홍콩 화이팅!! 홍콩아 이기자
1,마녀역은 왜 나온지 모르겠고존나 전체이용가로 가고 싶으면 전체이용가로 가던가좀 성인층 타겟으로 가고 싶으면 15세라도 걸던가존나 액션도 붕쯔 붕쯔에 어린이랑 성인층 둘다 노릴려다가 뭐도 안되는 괴작이 나온거 같음액션...
6,레잇고 없는 겨울 왕국을 본 느낌.. 디즈니니까....
2,영화보고 집와서 뮬란 다시 봤습니다.
1,원작과 다른 중국자본영화
5,여전 보았던 에니메이션을 넘기에는 역부족~ 여주인공의 외모만 기억에 남는다...
6,솔직히 뮬란이 아니라고 생각하고보면 재밌다 중국영화갠적으로 취향아니라서 아예안보는데 이건 중국사람만 나올뿐 디즈니 느낌이 섞여있어서 그런지 볼만했음 그치만 뮬란실사화판 이라 생각하면 진짜 대실망이다 ..원작설정과 너...
4,"영화 다 보고 기억에 남는건 단 하나, 싸우는 장면 밖에 기억에 안남네요"
1,"디즈니가 오랜 정신을 상실한 것인가?이미 오래전부터 중국이 미친 듯이 찍어대고 있는말도 안되는 환상 스토리 중 하나에 지나지 않는유치하고 말도 안되는 스토리에 연출, 그로인해 그나마알아주던 배우들의 연기조차 어색함의..."
1,아이들을 위한 영화에서 인권탄압 배우라니? 디즈니도 끝났네.
2,자느라 3분의1만 기억이남
1,이게 내가 알던 뮬란이라고?!
2,"별점을 뭐에다 줘야 하나????  이거 뮬란 맞아????  삼류 중국무협영화 만도 못해, 중국이 빼앗은 소국들은 어째서 악당들로 나오는거야??  중국홍보영 영화가 아니었다면 선,악으로 이해하겠지만 이건 아니지~ 게다..."
1,진짜 이런 배우가 나오는 영화를 박스오피스1위로 올려주고 싶음? 진짜... ㅋㅋㅋ
1,이따위로 양인의 동양판타지를 녹여내기도 쉽지않을텐데. 중국입맛에 맞추려 노력했지만 중국에게서외면받은 영화. 값 톡톡히한다
1,디즈니라는 탈을 쓴 전형적인 중국 무협영화
1,핵노젬그노잼정멀재미없고 스토리이상제가아는만화뮬란완전굿굿  영화완전실망 왜이영화인연걸#견자단#배우분너무아까뷰ㅠㅡㅠ/_ \/_ \/_ \/_ \/_ \/_ \/_ \/_...
2,원작 대비 너무 재미 없어요 ㅠㅠ
1,극장에서 보긴 낭비 평점 알바있음 ?
1,독특한 캐릭터들 다 버리고 쓸데없이 소수집단 클리셰 쳐넣고 그 듣기좋은 노래들고 하나안부르고 ㅋㅋ  이게 리메이크냐 ㅋㅋ 북한에서
1,보이콧 안해도 재미만으로도 충분히 망할만한 영화. 정치적 이유를 떠나 영화 자체의 재미로도 절망적인 수준. 관람객 평점 너무 높아 1점 드립니다.
6,돈 아까운 영화는 아닌거같아요 ㅋㅋ
2,촛도  재미없네   짱깨영화  상영하지 마세요  전세계 코로나 감염시킨나라  중국   뭐가 이쁘다고  중국 영화을 상영하는지  뮬란 영화 개봉하기전에 이미 인터넷 사이트 무료  상영했는데  주연 여배우 발언  맘에안...
4,문제가 많은 영화. 지적할 것이 많지만 우리는 모르거나 외면하고 보는 사람이 많을 것이다. 재미와 작품성을 떠나 원작과 줄기만 같지 전혀 다르게 각색한 여태나온 중국의 손오공 영화같다.
1,여자감독이 페미뽕에 취해서 만든 노잼 무협판타지. 기를 남자만 다룬다느니 여자가 큰 일을 한다느니 전형적인 노재미 페미영화임. 남자히로인 없애서 비혼주의까지 완벽. 돈 아까움 보지마셈.
1,#boycottmulan
6,시간때우기 나쁘지 않네요
2,짱개영화 씹ㄴㅈ  12346
1,"중국에 맞서는 홍콩을 비하하는 역비, 공산당이 학살을 저지르는 신장에서 촬영.스토리는 막가파~ 어릴적 놀던 곤봉실력으로 중화통일 할 기세"
6,여자들도 할수 있다 ^^
1,아진짜 빡치네ㄱㅋ이건 어차피망할영화임 유역비연기 개 못하네ㅋㄱㄱ화나도 슬퍼도 웃겨도 다같은표정임ㅋㄱ
8,1 중국의 나름 괜찮은 스케일 2 디즈니? No! 무협 판타지 액션 3 아이동반 가족영화 추천 4 두시간의 러닝타임이 세시간으로 느껴지는 지루함
1,디즈니에서 만든건 진짜! 절대! 믿고 봅니다 지금까지 디즈니는 정말 최고였습니다 근데 이건 다르네요 디즈니에서 만든게 아니고 외주써서 만든 무협 영화 같습니다  세상에 디즈니를 실망하다니 정말 이건... ㅆㄹㄱ 입니...
1,이딴 걸 영화라고 만들었냐???? 장난함????
6,말이 많지만 나름 볼만해요
1,재미가 좀 없다는게 단점이에요
1,중국애들 우르르르 ㅋㅋ현실은 ㅈ망
1,"이딴 영화 만들거면 실사 접고 겨울왕국 같은 애니메이션이나 만들어라.. 독재국가 지지하는 배우들한테 돈 주면서 주연 시키고,,, 디즈니,,, 정말 중국한테 넘어간거냐???"
1,ㅈㄴ 재미없고 유치함  ost는 좋음
2,중국영화 재미없음!!
1,재미있었던 요소들을 다 뺐으니 당연히 재미가 없을수밖에.. 그리고 뮬란에서 또 빼놓을수없는게 ost고 러브라인인데.. 너무 실망했음;;
2,지루함 자체  보지마세요
1,돈아까워요 ㅠ 돈아까워요
1,빨갱이사상이 이렇게 무섭구나 ..
1,나는 홍콩을 지지한다. 보이콧 뮬란
4,"디즈니답게 노래 좋고 내용도 나쁘진 않음노잼도 아니고 재미있으나 딱그냥그냥 돈 많이 들인 중국무협판타지 같음.뮬란 실사화같진 않다.... 그게 좀 실망이고.킬링타임용으로 재미로 보기에 나쁘지 않음다만, (스포가 될수..."
1,총 86명이 평점에 참여했다며? 그 86명 대부분 다 평점 2점이상을 안줬던데 왜 맨 위에 간판에는 평점이 8.56이라고 되어있는겨??적당히 속이는게 아니라 대놓고 평점을 지들이 조종하는 수준인데??그리고 영화 내용...
1,돈만 쳐들이면 다 액션이냐. 영화 하고는.. 볼거리 조차 안됨.
1,
1,응~안봐~ㅋㅋ 논란은둘째치고 재미라도있었어야지..ㅋㅋ평들봐라
1,별점에 왜 0점은 없는거지?
1,아니 평점이 왤케 높아..돈 주고 보는게 아까움..인생 첫 예약 예매 했더만 대실망..디즈니의 역대급 망장인듯..티저만 보면 될듯 나머진 나중에 케이블이나 딴데서 보세요보이콧 머시기 떠도는데 그럴 가치도 없음 그냥 ...
1,공리 마녀 혼자서도 지구통일 하고도 남겠더라.개 뻥치는 스토리.중화사상 똥 딱는 이야기.
1,짱깨에게 탄압받는 홍콩을 위해 보이콧
1,지루해서 졸리기 까지 함..
1,
1,"free honkong, free tibet"
2,이 영화를 왜보는지 모르겠다 유역비 못되먹은년
1,외국사람들이 동양판타지로 3류 무협영화로 만들었네...
1,살인집단을 옹호하는 영화 소비하지말자
1,진짜 최악임 .... 캣츠랑 손잡고 망작올림픽 나가면 공동 1위할 듯ㅋ일단 유역비에서 거른다
1,Free Hongkong
6,별 내용전개 없는 전형적인 중국영화그나마 새로운 요소들을 각색해보려고 시도한 것에 점수 조금 줌..
2,Free Hong Kong Free Tibet
1,그냥 흔한 중국 무협 영화뮬란 이란 제목 붙인게 화남.
1,그냥 중국영화 수준이든데?
1,우한폐렴 걸렸거나 걸릴 덜떨어진 년놈들이나 볼 영화
4,냉정하게 판단해서 겁나 유치하고 재미없다스토리가 엉성함
2,중국에서 나온 뮬란 2019 영화가 더 재밌어요
1,FREE HONGKONG
1,"디즈니 뮬란(2020), 왜 보지 말아야 하는가1. CCP(중국공산당)은 위구르족 및 기타 소수자들에 처참한 잔혹행위를 가하는 중. 응당 인권을 옹호해야할 디즈니가 인권유린의 실상을 외면한 채, 바로 그 지역에서 뮬..."
1,free hong kong free korea
1,중국인이 아닌 이상 이런 쓰레기 영화 보지맙시다
1,왠만하면 이런 영화는 보지 마시지...그래도 죽어도 정 보고픈 분들은 걍 다운받아서....그래야 디즈니가 앞으로 공산당 입맛에 많는 이런 망작이 안나올듯....
4,아 역시 애니의 보다 한참 못미치는~~~전혀 디즈니 스럽지 않은 지극히 중국스런 영화네요~아이가 이게 왜 뮬란이냐고 묻더군요ㅠ
1,그냥 철지난 중국무협영화
2,유역비 얼굴봐서 2점준다.진짜 뮬란을 이렇게 만드냐 디즈니 대실망
1,너무 유치함...보다가 뛰쳐나가고 싶었음
1,디즈니치곤 별로...
1,디즈니 실사 영화 중 최악의 영화
1,논란의 영화 뮬란을 보지 않겠습니다
1,프리홍콩프리티벳프리 위구르
1,보지말자 홍콩탄압하는 영화를 왜봐
1,그냥 총체적 난국...
1,중공은 몰살 시켜야함 타이완 넘버원!
2,그냥 뮬란 원작 그대로 하지 쓸데없이 재해석 해가지고 기대보다 훨씬 못한 망작이 나왔네요.
5,원작 뮬란을 망쳤다.. 스토리가 오글거리고 억지스럽다..
6,유역비를 영화관에서 처음 봤다 그걸로 만족한다
1,B급 무협영화.. 줄거리 개연성 캐릭터 매력 다 똥망 연기도 별로
8,저는 영화 뮬란 정말 재밌게 봤어요. 원래 개봉전부터 기대했던 영화라 영화관에서 볼때 한장면 한장면 놓칠세라 집중해서 봤었는데. 정말 잘 만든 영화 같더라고요. 물론 다소 아쉬운 점은 있었으나 디즈니에서 새로운 장르...
2,도대체 2억9천만달러를 어디에 쓴걸까요?1억달러 수준의 영상미와 재미였습니다.
1,걍 내가 본 디즈니 중 최악내생애 중간에 잠온 영화는 최초전체적으로 지루함중국인이 영어쓰는 것도 어색
1,쓰레기영화 10점 주는 애들은 생각이 없거나 알바겠지 ㅋㅋㅋ
1,"원작을 역행하는 영화, 각종논란에 스토리 마저 국물에 말아먹는 영화네요"
1,"하나만 얘기할 수 있는데, 예술작품에 페미, PC, 정치색 낀 작품치고 제대로 된 작품이 없음 죄다 망한 작품만 나옴"
1,별루...  중국무술고수영화임
1,평범한 무술 영화 정도로 왜 굳이 실사화
5,"영화와 관련된 정치적인 논란은 차치하고 평가하자면 유치하다(재미있으면서 유치하면 모르겠는데 시종일관 진지하면서 재미가 없어서 문제), 개연성이 떨어진다(뜬금없는 전개가 많다. 주인공 분대는 죽지를 않는다. 유역비가 ..."
1,진짜 영화보다가 소름이 여러번 돋았다. 물론 안좋은쪽으로.... 캬앜 투ㅐ
1,디즈니 망해라 중구도 망해라 중국자체가 없어저야한다
1,2시간 동안 남는건 ost 하나뿐 1점 드립니다
1,뮬란? 그저 중국의 따까리일 뿐
1,
2,
8,
1,초반에는 볼만했지만 가면 갈 수록 그냥 재미가 없습니다. 시간 아깝네요.
1,원작 돌려내줘요 그리고 디즈니 정신 차리셈 그런 배우 쓸거면 차라리 뮬란 실사판 만들지 말든가
1,갑자기 평점 왜 높아짐ㅋㅋ
1,진짜 영화보다가 소름이 여러번 돋았다. 물론 안좋은쪽으로.... 캬앜 투ㅐ
1,디즈니 망해라 중구도 망해라 중국자체가 없어저야한다
1,2시간 동안 남는건 ost 하나뿐 1점 드립니다
1,뮬란? 그저 중국의 따까리일 뿐
1,
2,
8,
1,초반에는 볼만했지만 가면 갈 수록 그냥 재미가 없습니다. 시간 아깝네요.
1,원작 돌려내줘요 그리고 디즈니 정신 차리셈 그런 배우 쓸거면 차라리 뮬란 실사판 만들지 말든가
1,갑자기 평점 왜 높아짐ㅋㅋ
1,너무 재미없고 유치하고 3류티가남
1,특별출연으로 시진핑이 나온줄
2,디즈니의 중화 OO점? OO 이더라 그냥
1,애니 뮬란의 추억을 간직하고싶으신분들은 보지마세요.디즈니 실망입니다!!!!
2,최악의 연출.  원작을 망쳤다.  그나마 유역비는 예쁘네
1,말이필요없다.보이콧이다.
1,올해 최악의 영화어떻게 22년전에 나온 뮬란이 훨씬낫다.마녀는 당췌 왜넣은거고ㅋㅋㅋ 이해불가애니메이션이라서  표현 안됬던것들도 cg넣어서 똑같이라도 만들었으면 평타라도 쳤을것같은데이건 진짜아니다
1,하 나 어이가없어서 공짜로 보거나 애니를 보세요 넷플리스 추천?
3,2010년 뮬란이 내용면에선 더 재미있었음..가장기대했던 액션은....김태희 출연했던 중천 정도 ..
2,원작의 감동을 망친 그래서 원작을 생각나게 하는 영화네요;;;;
1,평점 알바들에게 겁나게들 튀어왔네. 선택적 pc질 역겨운 디즈니.
6,
2,
1,액션을 이따위로 만들고 잠이 오니? 유치해서 못보겠다
6,"원작보다는 시간도 지났고  자본을따졌을  때  생각보다 실망입니다,,알라딘은  정말  잘만든 것 같습니다^^"
1,댓글알바 진짜 ㅋ  이 돈주고 뮬란볼바엔 넷플 한달 끊어서 재밌는거 맘껏 봄~
1,알바를 도대체 얼마나 쓴거냐... 역대급망작..
2,프리 홍콩!!! 공산당영화 뮬란 불매!!!!
6,원작 팬으로썬 좀 아쉬워요.
1,
